id_order,order_number,delivery_date,purchase_price,created_at,updated_at,id_product,id_subscription
1,2C3CCABG3CH949468,2017/11/12,49.07,2019/07/10 11:56:40,2019/07/10 11:56:40,1083,90359
2,1G4GF5G35DF311626,2019/05/19,60.2,2019/07/10 11:56:40,2019/07/10 11:56:40,1028,90143
3,5J8TB4H36GL273354,2018/09/24,56.16,2019/07/10 11:56:40,2019/07/10 11:56:40,1094,90483
4,3VW517AT3EM394812,2018/06/18,25.39,2019/07/10 11:56:40,2019/07/10 11:56:40,1046,90086
5,1G6DS8EV8A0135519,2019/01/02,66.34,2019/07/10 11:56:40,2019/07/10 11:56:40,1002,90039
6,3GYFNAE35CS206751,2018/01/26,87.85,2019/07/10 11:56:40,2019/07/10 11:56:40,1057,90411
7,1GYFK26259R563461,2018/09/17,58.87,2019/07/10 11:56:40,2019/07/10 11:56:40,1015,90480
9,WA1DMAFPXFA920750,2018/08/31,42.19,2019/07/10 11:56:40,2019/07/10 11:56:40,1091,90148
10,1G6DH8E51D0465019,2019/02/02,95.61,2019/07/10 11:56:40,2019/07/10 11:56:40,1076,90477
12,1FTEW1CM9DF366533,2018/06/02,16.56,2019/07/10 11:56:40,2019/07/10 11:56:40,1085,90063
14,WA1EV74L78D845236,2019/05/04,27.92,2019/07/10 11:56:40,2019/07/10 11:56:40,1036,90138
15,3VWF17AT1FM316311,2018/07/01,96.92,2019/07/10 11:56:40,2019/07/10 11:56:40,1045,90136
16,2T1BPRHE5FC433126,2018/09/23,62.33,2019/07/10 11:56:40,2019/07/10 11:56:40,1033,90197
17,JTDKDTB34F1778682,2018/12/13,30.53,2019/07/10 11:56:40,2019/07/10 11:56:40,1020,90482
20,WAU3GAFC1DN702589,2018/09/12,82.12,2019/07/10 11:56:40,2019/07/10 11:56:40,1092,90230
21,W04GU5GC8B1688353,2018/09/14,83.95,2019/07/10 11:56:40,2019/07/10 11:56:40,1006,90382
22,5UXFA13574L410575,2018/05/29,90.79,2019/07/10 11:56:40,2019/07/10 11:56:40,1070,90487
23,1GYS3GEFXBR510659,2018/10/12,83.32,2019/07/10 11:56:40,2019/07/10 11:56:40,1045,90433
24,WBAWB33537P813294,2018/12/21,89.76,2019/07/10 11:56:40,2019/07/10 11:56:40,1052,90104
26,1FBNE3BL8DD422968,2018/08/16,63.01,2019/07/10 11:56:40,2019/07/10 11:56:40,1062,90141
27,1GYS4JEF7DR066783,2018/01/20,92.35,2019/07/10 11:56:40,2019/07/10 11:56:40,1032,90070
28,2T1BURHE5EC541169,2017/12/31,59.56,2019/07/10 11:56:40,2019/07/10 11:56:40,1043,90398
29,3N1BC1AP0BL896097,2017/12/04,29.48,2019/07/10 11:56:40,2019/07/10 11:56:40,1051,90100
30,NM0AS8F72E1009508,2019/06/14,50.15,2019/07/10 11:56:40,2019/07/10 11:56:40,1016,90226
31,1C3CDZAB5EN584044,2019/07/01,91.07,2019/07/10 11:56:40,2019/07/10 11:56:40,1098,90286
32,SCFFDABE5CG840415,2017/12/28,36.57,2019/07/10 11:56:40,2019/07/10 11:56:40,1033,90144
36,JN8AZ1MU3CW874927,2018/05/15,66.4,2019/07/10 11:56:40,2019/07/10 11:56:40,1060,90392
37,WAUFEAFM0CA172648,2018/03/30,28.65,2019/07/10 11:56:40,2019/07/10 11:56:40,1088,90381
38,3GYEK62N84G313224,2018/10/04,65.29,2019/07/10 11:56:40,2019/07/10 11:56:40,1072,90452
39,1D4PU5GK6AW819880,2018/09/02,25.37,2019/07/10 11:56:40,2019/07/10 11:56:40,1052,90331
40,WAUMFAFL0DA265246,2019/06/11,51.37,2019/07/10 11:56:40,2019/07/10 11:56:40,1024,90104
42,1FTWW3A5XAE028183,2018/03/15,57.36,2019/07/10 11:56:40,2019/07/10 11:56:40,1089,90119
45,WBA5A5C57FD801241,2018/10/02,18.24,2019/07/10 11:56:40,2019/07/10 11:56:40,1028,90490
46,1ZVBP8AM6E5720284,2017/12/07,15.84,2019/07/10 11:56:40,2019/07/10 11:56:40,1072,90095
47,JN8AZ2NC3C9973564,2018/06/10,98.52,2019/07/10 11:56:40,2019/07/10 11:56:40,1026,90348
48,1FTEX1CM5DK328950,2018/05/12,84.04,2019/07/10 11:56:40,2019/07/10 11:56:40,1062,90243
49,3VWC17AU4FM836255,2018/08/25,28.38,2019/07/10 11:56:40,2019/07/10 11:56:40,1011,90494
50,2C3CDZBT4FH468562,2018/10/18,30.87,2019/07/10 11:56:40,2019/07/10 11:56:40,1047,90132
51,WAUSF78E27A649168,2018/01/11,22.57,2019/07/10 11:56:40,2019/07/10 11:56:40,1028,90403
52,KNALN4D7XF5335398,2018/02/12,14.42,2019/07/10 11:56:40,2019/07/10 11:56:40,1023,90150
53,JM1NC2LF6E0203152,2018/10/11,24.17,2019/07/10 11:56:40,2019/07/10 11:56:40,1053,90139
54,1FMEU3BE9AU477243,2018/05/11,22.2,2019/07/10 11:56:40,2019/07/10 11:56:40,1066,90171
55,1C3CDFCB9ED040762,2018/11/27,48.71,2019/07/10 11:56:40,2019/07/10 11:56:40,1010,90108
56,2C4RDGEGXDR903343,2018/10/05,94.32,2019/07/10 11:56:40,2019/07/10 11:56:40,1057,90416
58,5XYZG3AB7CG544935,2019/04/20,43.05,2019/07/10 11:56:40,2019/07/10 11:56:40,1087,90354
60,3D73M3HL4AG231536,2017/11/25,27.51,2019/07/10 11:56:40,2019/07/10 11:56:40,1030,90427
61,WAULD54B64N950010,2018/02/12,40.94,2019/07/10 11:56:40,2019/07/10 11:56:40,1091,90346
62,WBAPK53539A308183,2018/01/05,65.1,2019/07/10 11:56:40,2019/07/10 11:56:40,1031,90452
64,WAUJGBFC7DN432510,2017/11/26,41.71,2019/07/10 11:56:40,2019/07/10 11:56:40,1029,90036
65,JHMFA3F25BS848690,2018/06/05,81.88,2019/07/10 11:56:40,2019/07/10 11:56:40,1059,90182
66,WBASP4C54AC191258,2018/12/09,91.37,2019/07/10 11:56:40,2019/07/10 11:56:40,1011,90382
67,JH4NA21684T267360,2018/07/10,53.91,2019/07/10 11:56:40,2019/07/10 11:56:40,1043,90120
68,WAUFEBFM1CA379149,2018/04/08,69.78,2019/07/10 11:56:40,2019/07/10 11:56:40,1069,90070
69,3VWKX7AJ1DM586986,2018/10/20,61.25,2019/07/10 11:56:40,2019/07/10 11:56:40,1028,90117
70,5N1AR1NB0CC997302,2018/09/11,37.07,2019/07/10 11:56:40,2019/07/10 11:56:40,1057,90473
71,1D7RW3GK8AS091092,2018/11/18,62.16,2019/07/10 11:56:40,2019/07/10 11:56:40,1062,90063
72,WAULFAFH8EN395681,2018/11/09,58.76,2019/07/10 11:56:40,2019/07/10 11:56:40,1020,90005
73,SCFFDCCD6BG678326,2018/03/23,37.66,2019/07/10 11:56:40,2019/07/10 11:56:40,1032,90030
74,2FMDK4JC9AB605400,2019/01/21,50.35,2019/07/10 11:56:40,2019/07/10 11:56:40,1036,90063
75,WAUBFAFLXAA982675,2019/05/28,47.46,2019/07/10 11:56:40,2019/07/10 11:56:40,1051,90221
76,1G4GC5GRXDF725868,2018/08/25,95.06,2019/07/10 11:56:40,2019/07/10 11:56:40,1059,90145
77,JTJBC1BA0C2771561,2018/03/27,22.02,2019/07/10 11:56:40,2019/07/10 11:56:40,1071,90358
79,1FTEW1CM9EK188504,2019/04/08,62.7,2019/07/10 11:56:40,2019/07/10 11:56:40,1063,90075
82,WAUDH94F57N314833,2019/05/27,58.98,2019/07/10 11:56:40,2019/07/10 11:56:40,1042,90493
83,5N1CR2MN5EC782561,2018/06/19,22.1,2019/07/10 11:56:40,2019/07/10 11:56:40,1039,90168
84,KNADH5A35A6083274,2019/04/22,27.72,2019/07/10 11:56:40,2019/07/10 11:56:40,1001,90388
85,3GYEK62N06G479627,2018/02/07,13.67,2019/07/10 11:56:40,2019/07/10 11:56:40,1093,90171
87,2G4GV5EV3B9374267,2018/02/17,83.2,2019/07/10 11:56:40,2019/07/10 11:56:40,1033,90142
88,1G6DW677550631150,2019/04/07,47.58,2019/07/10 11:56:40,2019/07/10 11:56:40,1061,90460
89,JTDKN3DP7D3451191,2018/07/29,89.92,2019/07/10 11:56:40,2019/07/10 11:56:40,1053,90050
90,3FAHP0CG1CR980596,2018/09/26,31.05,2019/07/10 11:56:40,2019/07/10 11:56:40,1072,90459
91,WBADR63403G711313,2019/02/27,16.52,2019/07/10 11:56:40,2019/07/10 11:56:40,1019,90172
92,1C4PJLAK1CW020949,2018/09/12,99.17,2019/07/10 11:56:40,2019/07/10 11:56:40,1085,90409
94,WBA3C1C50FP596726,2018/12/02,13.61,2019/07/10 11:56:40,2019/07/10 11:56:40,1033,90289
95,3D7JB1EK3AG829632,2018/01/25,70.74,2019/07/10 11:56:40,2019/07/10 11:56:40,1077,90003
96,1VWAH7A36CC155540,2018/10/07,65.49,2019/07/10 11:56:40,2019/07/10 11:56:40,1078,90153
97,19XFB2F59DE635895,2019/03/17,50.34,2019/07/10 11:56:40,2019/07/10 11:56:40,1082,90339
98,WBALX5C5XCC203667,2018/07/26,48.52,2019/07/10 11:56:40,2019/07/10 11:56:40,1095,90223
100,WAUGFAFC8DN499902,2018/09/24,74.67,2019/07/10 11:56:40,2019/07/10 11:56:40,1037,90393
101,3VWF17AT8FM011551,2019/02/16,60.72,2019/07/10 11:56:40,2019/07/10 11:56:40,1092,90352
102,4T1BF1FK9DU804216,2018/07/08,84.49,2019/07/10 11:56:40,2019/07/10 11:56:40,1057,90353
104,1G6KD57Y68U334546,2018/04/24,45.73,2019/07/10 11:56:40,2019/07/10 11:56:40,1026,90378
105,2C3CA5CG0BH197433,2018/03/31,38.31,2019/07/10 11:56:40,2019/07/10 11:56:40,1088,90281
106,KNADM4A34C6167370,2018/12/20,98.81,2019/07/10 11:56:40,2019/07/10 11:56:40,1034,90282
107,5BZBF0AA4FN449417,2018/04/25,93.17,2019/07/10 11:56:40,2019/07/10 11:56:40,1003,90289
110,KMHCT4AE7DU261710,2018/10/11,87.01,2019/07/10 11:56:40,2019/07/10 11:56:40,1025,90427
111,YV1982BW8A1523298,2019/06/19,17.56,2019/07/10 11:56:40,2019/07/10 11:56:40,1053,90230
112,1GYFK66888R641399,2018/06/29,21.88,2019/07/10 11:56:40,2019/07/10 11:56:40,1014,90028
113,3C3CFFAR2ET525832,2018/10/31,57.6,2019/07/10 11:56:40,2019/07/10 11:56:40,1039,90075
116,WA1YL54B04N938182,2018/12/28,80.47,2019/07/10 11:56:40,2019/07/10 11:56:40,1010,90165
117,WAUAF98E17A490103,2019/01/02,15.95,2019/07/10 11:56:40,2019/07/10 11:56:40,1046,90219
119,1FTSW2A55AE855856,2018/10/12,74.95,2019/07/10 11:56:40,2019/07/10 11:56:40,1050,90375
120,JTDZN3EU9E3290945,2019/05/06,54.73,2019/07/10 11:56:40,2019/07/10 11:56:40,1044,90435
121,3GYT4NEF8BG074822,2018/04/15,57.25,2019/07/10 11:56:40,2019/07/10 11:56:40,1056,90017
123,JTDJTUD38ED666255,2018/07/16,14.34,2019/07/10 11:56:40,2019/07/10 11:56:40,1033,90302
124,2T1BU4EE0BC801187,2018/11/15,40.03,2019/07/10 11:56:40,2019/07/10 11:56:40,1005,90367
126,WAUFFAFC4EN491132,2018/03/25,55.93,2019/07/10 11:56:40,2019/07/10 11:56:40,1091,90256
127,JH4CU2F61BC323613,2018/09/10,32.75,2019/07/10 11:56:40,2019/07/10 11:56:40,1063,90032
128,WAUUL98E28A244572,2019/04/05,71.71,2019/07/10 11:56:40,2019/07/10 11:56:40,1089,90423
129,1FTWF3A50AE930244,2018/12/26,94.81,2019/07/10 11:56:40,2019/07/10 11:56:40,1032,90084
130,1FTSW2A59AE791059,2019/03/03,35.34,2019/07/10 11:56:40,2019/07/10 11:56:40,1072,90104
131,1G4HR54K644733293,2019/01/20,72.56,2019/07/10 11:56:40,2019/07/10 11:56:40,1026,90334
133,WAUMFAFL6BN245878,2018/01/30,19.76,2019/07/10 11:56:40,2019/07/10 11:56:40,1069,90087
134,3D73Y3CL1BG635634,2017/11/20,88.12,2019/07/10 11:56:40,2019/07/10 11:56:40,1079,90436
135,3VW467AT5DM303616,2018/09/08,90.23,2019/07/10 11:56:40,2019/07/10 11:56:40,1098,90098
136,YV4952CZ6E1472538,2018/08/31,96.81,2019/07/10 11:56:40,2019/07/10 11:56:40,1061,90243
137,19UUA56863A848957,2018/07/17,98.35,2019/07/10 11:56:40,2019/07/10 11:56:40,1039,90281
138,5NPET4AC7AH113543,2017/11/09,66.46,2019/07/10 11:56:40,2019/07/10 11:56:40,1069,90457
139,KM8JT3AF9EU956265,2018/11/30,13.17,2019/07/10 11:56:40,2019/07/10 11:56:40,1099,90092
140,WA1WKBFP7CA784464,2018/06/27,24.41,2019/07/10 11:56:40,2019/07/10 11:56:40,1028,90459
141,YV4952CT8C1251970,2018/08/27,68.96,2019/07/10 11:56:40,2019/07/10 11:56:40,1058,90144
142,WAUMFAFR0FA810966,2018/02/04,67.85,2019/07/10 11:56:40,2019/07/10 11:56:40,1095,90421
143,TRUWT28N221898133,2019/04/15,22.96,2019/07/10 11:56:40,2019/07/10 11:56:40,1040,90480
144,SCFFDECN1CG400102,2018/06/12,43.54,2019/07/10 11:56:40,2019/07/10 11:56:40,1063,90057
145,KNDJT2A54D7473799,2019/05/20,47.27,2019/07/10 11:56:40,2019/07/10 11:56:40,1053,90201
148,1GTG5BE37F1821873,2018/09/29,32.17,2019/07/10 11:56:40,2019/07/10 11:56:40,1050,90493
150,1G6AT5SX1E0362805,2018/01/26,29.94,2019/07/10 11:56:40,2019/07/10 11:56:40,1057,90377
151,2HNYD2H63DH342324,2018/03/03,94.57,2019/07/10 11:56:40,2019/07/10 11:56:40,1071,90009
152,SALAF2D47AA634020,2018/04/18,34.99,2019/07/10 11:56:40,2019/07/10 11:56:40,1009,90161
153,WBA3B1C57FK891063,2018/12/12,46.42,2019/07/10 11:56:40,2019/07/10 11:56:40,1010,90017
154,WAUPL58E24A303717,2018/08/25,80.22,2019/07/10 11:56:40,2019/07/10 11:56:40,1019,90470
156,1G6AC5S35E0744493,2018/07/25,24.12,2019/07/10 11:56:40,2019/07/10 11:56:40,1003,90124
157,JM1NC2PF4F0585130,2018/05/12,61.99,2019/07/10 11:56:40,2019/07/10 11:56:40,1061,90099
158,JTDKN3DP8C3965940,2018/10/15,28.84,2019/07/10 11:56:40,2019/07/10 11:56:40,1070,90356
159,5J6TF1H53DL497349,2018/08/10,35.91,2019/07/10 11:56:40,2019/07/10 11:56:40,1059,90244
160,1G6DM1E39D0846649,2018/06/29,61.24,2019/07/10 11:56:40,2019/07/10 11:56:40,1093,90058
161,WAUBH74F46N914611,2018/09/24,60.21,2019/07/10 11:56:40,2019/07/10 11:56:40,1063,90413
162,WDDEJ7KB4BA917911,2019/01/04,75.98,2019/07/10 11:56:40,2019/07/10 11:56:40,1059,90094
163,JTHBC1KS7A5022391,2019/06/14,57.11,2019/07/10 11:56:40,2019/07/10 11:56:40,1046,90390
164,WAULC58E93A321077,2019/05/11,10.17,2019/07/10 11:56:40,2019/07/10 11:56:40,1032,90129
166,1G6DG8E37E0217926,2018/11/28,67.36,2019/07/10 11:56:40,2019/07/10 11:56:40,1097,90051
167,WAUVFAFH1DN812159,2018/02/09,53.87,2019/07/10 11:56:40,2019/07/10 11:56:40,1093,90002
168,3D7JB1EP5BG151317,2018/01/05,77.83,2019/07/10 11:56:40,2019/07/10 11:56:40,1061,90013
169,1GYS3CKJ0FR832198,2018/07/21,69.58,2019/07/10 11:56:40,2019/07/10 11:56:40,1042,90246
170,WA1KK78R69A375715,2018/03/05,22.11,2019/07/10 11:56:40,2019/07/10 11:56:40,1004,90032
172,3D73M4CLXBG244385,2019/05/27,52.11,2019/07/10 11:56:40,2019/07/10 11:56:40,1097,90005
173,1FTWW3DY0AE264010,2018/12/02,89.64,2019/07/10 11:56:40,2019/07/10 11:56:40,1010,90402
174,WBANV93538C428459,2018/01/24,27.52,2019/07/10 11:56:40,2019/07/10 11:56:40,1070,90079
175,1GD12ZCG5BF896139,2018/06/13,36.75,2019/07/10 11:56:40,2019/07/10 11:56:40,1071,90176
176,1FTSW3B58AE385651,2018/10/10,47.85,2019/07/10 11:56:40,2019/07/10 11:56:40,1007,90379
177,1G6AB5R33F0305030,2017/12/20,61.39,2019/07/10 11:56:40,2019/07/10 11:56:40,1100,90024
178,1FAHP3FN0AW095473,2018/11/26,42.6,2019/07/10 11:56:40,2019/07/10 11:56:40,1095,90135
179,1GTG5AE35F1933548,2018/10/12,48.91,2019/07/10 11:56:40,2019/07/10 11:56:40,1016,90251
180,WAUXL68E84A341040,2019/04/11,75.61,2019/07/10 11:56:40,2019/07/10 11:56:40,1054,90080
181,JTDKTUD38DD890290,2018/01/08,16.03,2019/07/10 11:56:40,2019/07/10 11:56:40,1058,90022
182,WBABS33442J392476,2018/06/23,38.01,2019/07/10 11:56:40,2019/07/10 11:56:40,1100,90307
183,3VW4A7AT0DM029952,2018/11/28,62.95,2019/07/10 11:56:40,2019/07/10 11:56:40,1052,90290
184,5XYZG3ABXCG478252,2017/12/18,89.03,2019/07/10 11:56:40,2019/07/10 11:56:40,1033,90306
185,5N1AL0MM4DC750686,2018/12/19,76.07,2019/07/10 11:56:40,2019/07/10 11:56:40,1007,90223
186,JA4AS2AW9DU410673,2018/03/02,45.12,2019/07/10 11:56:40,2019/07/10 11:56:40,1011,90428
187,YV1960BW7A1610524,2018/11/23,89.42,2019/07/10 11:56:40,2019/07/10 11:56:40,1015,90417
188,WBAGN83423D810270,2019/02/21,63.28,2019/07/10 11:56:40,2019/07/10 11:56:40,1074,90130
191,KMHTC6AD0DU963919,2018/05/16,98.49,2019/07/10 11:56:40,2019/07/10 11:56:40,1094,90447
193,JM1NC2LF8F0909136,2018/07/23,98.55,2019/07/10 11:56:40,2019/07/10 11:56:40,1046,90295
194,1GYFK435X9R542275,2019/06/20,24.97,2019/07/10 11:56:40,2019/07/10 11:56:40,1003,90225
195,JA32X2HU7CU409101,2018/06/01,71.2,2019/07/10 11:56:40,2019/07/10 11:56:40,1009,90269
196,5N1AR2MM2EC746700,2019/03/07,91.3,2019/07/10 11:56:40,2019/07/10 11:56:40,1028,90283
198,1G6KD57Y28U521461,2018/10/17,71.13,2019/07/10 11:56:40,2019/07/10 11:56:40,1087,90099
199,WAULC58E74A785583,2018/09/12,85.54,2019/07/10 11:56:40,2019/07/10 11:56:40,1092,90065
200,JN8AS5MT3BW829097,2018/09/08,67.87,2019/07/10 11:56:40,2019/07/10 11:56:40,1046,90224
201,1GYS4AKJ5FR817729,2019/05/31,74.25,2019/07/10 11:56:40,2019/07/10 11:56:40,1073,90233
202,2T1BURHEXFC896842,2018/09/12,60.51,2019/07/10 11:56:40,2019/07/10 11:56:40,1066,90353
203,JTJBC1BA4B2878269,2019/03/13,80.99,2019/07/10 11:56:40,2019/07/10 11:56:40,1085,90046
205,JH4CL96868C797840,2018/08/03,85.48,2019/07/10 11:56:40,2019/07/10 11:56:40,1018,90075
206,WBAEA5C57AC267141,2018/03/13,56.24,2019/07/10 11:56:40,2019/07/10 11:56:40,1014,90117
207,5N1AN0NU9EN227243,2019/04/21,57.63,2019/07/10 11:56:40,2019/07/10 11:56:40,1080,90002
208,2T1BPRHE0EC752769,2017/12/04,63.83,2019/07/10 11:56:40,2019/07/10 11:56:40,1051,90223
209,1G6DA8EG2A0500989,2018/10/13,19.94,2019/07/10 11:56:40,2019/07/10 11:56:40,1058,90376
210,1FTKR1AD1AP890147,2019/05/24,96.96,2019/07/10 11:56:40,2019/07/10 11:56:40,1017,90293
211,JH4KA96691C404032,2018/09/14,51.39,2019/07/10 11:56:40,2019/07/10 11:56:40,1018,90154
212,2C3CDZBTXFH362696,2018/12/22,38.79,2019/07/10 11:56:40,2019/07/10 11:56:40,1098,90260
213,2G4WE587X61697812,2019/04/22,66.05,2019/07/10 11:56:40,2019/07/10 11:56:40,1055,90385
215,JM1NC2PF4F0979422,2018/01/07,40.47,2019/07/10 11:56:40,2019/07/10 11:56:40,1035,90388
216,KMHGC4DE4AU959877,2019/02/17,31.33,2019/07/10 11:56:40,2019/07/10 11:56:40,1043,90099
217,WBAFU9C59BC602307,2019/05/25,30.54,2019/07/10 11:56:40,2019/07/10 11:56:40,1059,90078
218,1N6AD0CU1DN422615,2019/01/18,71.62,2019/07/10 11:56:40,2019/07/10 11:56:40,1037,90193
219,3GYFK66N34G763023,2019/01/13,59.21,2019/07/10 11:56:40,2019/07/10 11:56:40,1085,90286
220,KNADH4A37B6705482,2018/02/24,84.05,2019/07/10 11:56:40,2019/07/10 11:56:40,1082,90481
221,5J8TB4H36EL135293,2018/08/22,12.49,2019/07/10 11:56:40,2019/07/10 11:56:40,1034,90323
222,WAUKF98E38A977373,2018/05/01,33.39,2019/07/10 11:56:40,2019/07/10 11:56:40,1009,90483
223,5XYZT3LB6EG059410,2018/12/27,77.03,2019/07/10 11:56:40,2019/07/10 11:56:40,1033,90012
224,KMHFH4JG6FA377372,2018/11/08,40.8,2019/07/10 11:56:40,2019/07/10 11:56:40,1036,90445
226,WAUWFAFR7CA221093,2019/06/24,25.03,2019/07/10 11:56:40,2019/07/10 11:56:40,1039,90245
227,1GYS3GEF7DR934481,2018/01/06,20.57,2019/07/10 11:56:40,2019/07/10 11:56:40,1013,90356
228,5UXZV8C50BL456398,2019/04/06,30.9,2019/07/10 11:56:40,2019/07/10 11:56:40,1082,90451
229,1G6KD54Y55U152305,2018/11/15,81.02,2019/07/10 11:56:40,2019/07/10 11:56:40,1071,90361
230,3N1AB6AP5CL656248,2018/03/19,50.12,2019/07/10 11:56:40,2019/07/10 11:56:40,1070,90410
231,JTHBE1BL2F1248209,2019/01/11,81.22,2019/07/10 11:56:40,2019/07/10 11:56:40,1099,90416
232,5N1AR1NB3CC005055,2019/05/28,24.15,2019/07/10 11:56:40,2019/07/10 11:56:40,1023,90304
233,JN1CV6EK7BM131372,2018/08/11,96.24,2019/07/10 11:56:40,2019/07/10 11:56:40,1046,90472
234,1G4HD5EM4AU030589,2018/02/06,91.46,2019/07/10 11:56:40,2019/07/10 11:56:40,1031,90341
235,WBAGN63545D744112,2019/03/01,78.6,2019/07/10 11:56:40,2019/07/10 11:56:40,1079,90087
237,WAUSVAFA5AN355442,2019/05/05,51.88,2019/07/10 11:56:40,2019/07/10 11:56:40,1083,90100
238,WBALM735X9E935685,2018/09/17,46.94,2019/07/10 11:56:40,2019/07/10 11:56:40,1091,90086
240,1G6AT5S38E0646106,2018/07/31,99.74,2019/07/10 11:56:40,2019/07/10 11:56:40,1041,90091
242,2T1BPRHE5FC552794,2017/12/02,42.44,2019/07/10 11:56:40,2019/07/10 11:56:40,1039,90498
243,WA1FFCFS2FR840394,2019/03/21,22.84,2019/07/10 11:56:40,2019/07/10 11:56:40,1080,90456
244,2T1BU4EE5CC315640,2018/06/12,36.35,2019/07/10 11:56:40,2019/07/10 11:56:40,1025,90251
245,1FTWF3D55AE444587,2019/06/20,43.9,2019/07/10 11:56:40,2019/07/10 11:56:40,1038,90414
246,1G6DJ8EV6A0773321,2018/10/06,51.12,2019/07/10 11:56:40,2019/07/10 11:56:40,1039,90165
248,WAUWGAFB3AN596548,2019/07/09,81.11,2019/07/10 11:56:40,2019/07/10 11:56:40,1015,90238
250,SCBET9ZA6FC799189,2018/06/03,33.63,2019/07/10 11:56:40,2019/07/10 11:56:40,1059,90370
252,1G6AB5SX6E0753810,2019/02/16,55.26,2019/07/10 11:56:40,2019/07/10 11:56:40,1066,90240
253,1GYUKDEF0AR433521,2019/05/12,72.5,2019/07/10 11:56:40,2019/07/10 11:56:40,1100,90178
254,WUAW2BFCXFN226711,2018/11/17,82.94,2019/07/10 11:56:40,2019/07/10 11:56:40,1069,90182
255,WBAEN33434P022706,2018/08/22,72.17,2019/07/10 11:56:40,2019/07/10 11:56:40,1006,90463
256,YV126MFK9F1045118,2018/12/10,10.23,2019/07/10 11:56:40,2019/07/10 11:56:40,1028,90291
258,WBS3U9C55FJ222428,2019/07/03,95.29,2019/07/10 11:56:40,2019/07/10 11:56:40,1064,90169
259,1GYEE637090844453,2018/11/28,50.93,2019/07/10 11:56:40,2019/07/10 11:56:40,1084,90060
260,WDDDJ7CB9AA784216,2019/01/25,58.31,2019/07/10 11:56:40,2019/07/10 11:56:40,1010,90208
261,19XFB2F58DE728942,2018/06/03,70.4,2019/07/10 11:56:40,2019/07/10 11:56:40,1038,90461
263,19UUA76537A930345,2018/07/09,49.93,2019/07/10 11:56:40,2019/07/10 11:56:40,1073,90455
264,WA1LYBFE2AD404006,2017/12/11,46.74,2019/07/10 11:56:40,2019/07/10 11:56:40,1073,90016
265,ZFBCFAAH3EZ359967,2018/08/29,41.78,2019/07/10 11:56:40,2019/07/10 11:56:40,1021,90438
266,WA1CM74L09D277763,2019/07/08,55.02,2019/07/10 11:56:40,2019/07/10 11:56:40,1063,90191
267,WAUKH98E58A527377,2018/10/22,66.69,2019/07/10 11:56:40,2019/07/10 11:56:40,1084,90399
268,1GKKRNED2EJ773209,2018/03/10,12.13,2019/07/10 11:56:40,2019/07/10 11:56:40,1021,90197
271,1FMJK1J56AE465801,2018/01/08,87.75,2019/07/10 11:56:40,2019/07/10 11:56:40,1009,90124
272,4T1BF1FK5EU480019,2017/11/24,43.11,2019/07/10 11:56:40,2019/07/10 11:56:40,1080,90461
274,1C4RDHDG6EC284810,2019/06/28,81.97,2019/07/10 11:56:40,2019/07/10 11:56:40,1095,90291
275,WVGAV3AX0EW634511,2018/01/20,53.43,2019/07/10 11:56:40,2019/07/10 11:56:40,1052,90430
276,1N6AA0EJ9FN416608,2018/02/09,86.92,2019/07/10 11:56:40,2019/07/10 11:56:40,1038,90078
277,2HNYD2H28DH121945,2017/12/03,40.26,2019/07/10 11:56:40,2019/07/10 11:56:40,1092,90270
278,WDDUG7GB4FA969533,2018/09/02,33.94,2019/07/10 11:56:40,2019/07/10 11:56:40,1086,90430
279,KNAFU5A26B5719980,2018/10/20,46.01,2019/07/10 11:56:40,2019/07/10 11:56:40,1045,90486
280,KL4CJCSB9DB981301,2017/12/20,65.92,2019/07/10 11:56:40,2019/07/10 11:56:40,1029,90404
281,1YVHZ8BA1A5644098,2018/09/21,46.59,2019/07/10 11:56:40,2019/07/10 11:56:40,1006,90269
282,1VWAP7A33EC614402,2018/08/14,75.67,2019/07/10 11:56:40,2019/07/10 11:56:40,1062,90109
283,WBA5A5C55ED382255,2018/09/14,99.57,2019/07/10 11:56:40,2019/07/10 11:56:40,1017,90157
284,WDDDJ7CB7BA589815,2019/05/08,87.05,2019/07/10 11:56:40,2019/07/10 11:56:40,1013,90497
285,3C6TD5NT6CG530224,2018/02/10,19.7,2019/07/10 11:56:40,2019/07/10 11:56:40,1020,90332
286,JTDJTUD30ED224358,2019/05/08,19.92,2019/07/10 11:56:40,2019/07/10 11:56:40,1082,90389
287,WAURD68D82A172583,2018/05/07,10.08,2019/07/10 11:56:40,2019/07/10 11:56:40,1072,90388
288,4T1BK3DB0AU472589,2019/06/18,79.07,2019/07/10 11:56:40,2019/07/10 11:56:40,1051,90002
290,1G6DZ67A290919927,2018/05/15,69.22,2019/07/10 11:56:40,2019/07/10 11:56:40,1007,90406
291,JM1CW2CL4F0128280,2019/03/28,89.27,2019/07/10 11:56:40,2019/07/10 11:56:40,1055,90121
292,1FTSF3A59AE297001,2018/12/13,49.19,2019/07/10 11:56:40,2019/07/10 11:56:40,1025,90409
293,KNADH4A37B6187650,2018/06/21,55.01,2019/07/10 11:56:40,2019/07/10 11:56:40,1031,90428
294,4T1BF3EKXAU271835,2018/04/12,86.5,2019/07/10 11:56:40,2019/07/10 11:56:40,1069,90151
296,1C3CDZBG0CN492251,2019/05/05,38.12,2019/07/10 11:56:40,2019/07/10 11:56:40,1061,90065
297,WAUEFBFL3DN383990,2017/11/02,25.94,2019/07/10 11:56:40,2019/07/10 11:56:40,1033,90305
298,1N4AB7AP0DN726572,2017/11/04,37.48,2019/07/10 11:56:40,2019/07/10 11:56:40,1074,90254
299,JTDKN3DP4D3589352,2019/03/06,56.84,2019/07/10 11:56:40,2019/07/10 11:56:40,1056,90488
300,KM8JT3AFXEU005864,2017/12/06,20.35,2019/07/10 11:56:40,2019/07/10 11:56:40,1012,90314
301,SALGR2VF3FA932301,2018/06/11,49.71,2019/07/10 11:56:40,2019/07/10 11:56:40,1068,90318
302,WAUFGAFB6AN440083,2018/07/20,65.95,2019/07/10 11:56:40,2019/07/10 11:56:40,1028,90447
303,SALSF2D42BA341602,2019/04/25,15.08,2019/07/10 11:56:40,2019/07/10 11:56:40,1089,90248
305,1FTSW2A52AE059386,2019/01/12,69.65,2019/07/10 11:56:40,2019/07/10 11:56:40,1039,90305
306,WBANW53529C117676,2018/09/04,88.78,2019/07/10 11:56:40,2019/07/10 11:56:40,1024,90314
308,WAUEFAFL0CN325618,2018/08/06,93.52,2019/07/10 11:56:40,2019/07/10 11:56:40,1005,90409
309,WAUWFAFL2CA850675,2018/01/24,80.46,2019/07/10 11:56:40,2019/07/10 11:56:40,1040,90303
310,1G6DC8E58C0102598,2019/01/26,36.03,2019/07/10 11:56:40,2019/07/10 11:56:40,1052,90176
311,WBSBL93481J977183,2019/05/19,60.03,2019/07/10 11:56:40,2019/07/10 11:56:40,1034,90256
312,KMHGH4JHXCU533419,2019/02/03,34.9,2019/07/10 11:56:40,2019/07/10 11:56:40,1016,90032
313,WVGAV7AX5CW725228,2018/09/17,43.46,2019/07/10 11:56:40,2019/07/10 11:56:40,1039,90265
314,1G6DG8E56C0385751,2018/01/08,92.75,2019/07/10 11:56:40,2019/07/10 11:56:40,1023,90149
315,WDDGF5EB6AA955438,2018/09/10,27.73,2019/07/10 11:56:40,2019/07/10 11:56:40,1070,90336
316,WA1LGAFE7BD467388,2018/02/17,53.47,2019/07/10 11:56:40,2019/07/10 11:56:40,1031,90455
317,1G6DV8EP9E0205513,2019/03/31,89.12,2019/07/10 11:56:40,2019/07/10 11:56:40,1082,90233
319,KMHTC6AD9EU415242,2018/09/10,86.85,2019/07/10 11:56:40,2019/07/10 11:56:40,1087,90068
320,WBANB33554B324268,2019/07/08,44.67,2019/07/10 11:56:40,2019/07/10 11:56:40,1019,90451
321,WAUKFBFL9EN178467,2018/02/10,20.51,2019/07/10 11:56:40,2019/07/10 11:56:40,1009,90347
322,JTDBT4K31B1399738,2019/01/15,45.17,2019/07/10 11:56:40,2019/07/10 11:56:40,1045,90414
323,WAUDGBFL8CA673138,2018/05/27,29.91,2019/07/10 11:56:40,2019/07/10 11:56:40,1073,90055
325,KMHEC4A45DA809575,2018/08/04,62.99,2019/07/10 11:56:40,2019/07/10 11:56:40,1003,90043
327,WVGAV7AX5AW355833,2018/04/24,67.59,2019/07/10 11:56:40,2019/07/10 11:56:40,1020,90494
329,JN8AF5MVXFT197177,2018/10/19,14.01,2019/07/10 11:56:40,2019/07/10 11:56:40,1066,90043
330,WA1EY74LX7D217063,2019/02/17,17.25,2019/07/10 11:56:40,2019/07/10 11:56:40,1024,90394
331,5N1AZ2MH4FN937964,2018/06/16,63.75,2019/07/10 11:56:40,2019/07/10 11:56:40,1032,90390
332,5GNRNGEEXA8414301,2018/08/14,83.54,2019/07/10 11:56:40,2019/07/10 11:56:40,1057,90440
333,WVWAN7ANXDE481540,2019/01/17,17.78,2019/07/10 11:56:40,2019/07/10 11:56:40,1089,90342
334,KL4CJCSB8EB328413,2018/09/27,65.29,2019/07/10 11:56:40,2019/07/10 11:56:40,1094,90059
335,1N4AB7AP9DN428957,2018/06/17,93.62,2019/07/10 11:56:40,2019/07/10 11:56:40,1087,90432
336,KNAFK4A66E5717878,2018/06/14,85.23,2019/07/10 11:56:40,2019/07/10 11:56:40,1085,90473
337,WAUHFBFL4AN698547,2019/01/18,13.18,2019/07/10 11:56:40,2019/07/10 11:56:40,1012,90158
338,5N1AA0NC4AN098065,2019/01/10,87.95,2019/07/10 11:56:40,2019/07/10 11:56:40,1003,90266
341,WBABW33465P203817,2018/02/07,55.32,2019/07/10 11:56:40,2019/07/10 11:56:40,1066,90040
342,WBXPC93458W410152,2017/12/28,76.57,2019/07/10 11:56:40,2019/07/10 11:56:40,1066,90199
343,WAUFFAFM1BA053440,2018/01/27,33.58,2019/07/10 11:56:40,2019/07/10 11:56:40,1026,90029
344,3FAHP0DCXBR496484,2019/02/12,11.28,2019/07/10 11:56:40,2019/07/10 11:56:40,1024,90128
345,WAUAF78E98A543443,2018/07/18,80.68,2019/07/10 11:56:40,2019/07/10 11:56:40,1006,90373
346,1C3ADEBZ3DV903175,2018/12/22,97.6,2019/07/10 11:56:40,2019/07/10 11:56:40,1052,90257
347,3VW467AT9DM793879,2018/06/02,39.1,2019/07/10 11:56:40,2019/07/10 11:56:40,1013,90087
348,3D73Y3HL9BG782065,2018/08/26,16.15,2019/07/10 11:56:40,2019/07/10 11:56:40,1054,90388
349,1J4PR4GK8AC699312,2018/06/24,49.75,2019/07/10 11:56:40,2019/07/10 11:56:40,1060,90093
351,1G4HP52KX44759064,2018/07/20,34.71,2019/07/10 11:56:40,2019/07/10 11:56:40,1025,90287
352,WAUEH78E57A531607,2019/06/24,74.16,2019/07/10 11:56:40,2019/07/10 11:56:40,1059,90380
353,3C3CFFER1ET142782,2018/01/19,29.66,2019/07/10 11:56:40,2019/07/10 11:56:40,1024,90312
355,WAUHF78P16A146659,2019/04/06,57.38,2019/07/10 11:56:40,2019/07/10 11:56:40,1082,90276
356,4T1BD1EB8DU668684,2017/11/05,10.16,2019/07/10 11:56:40,2019/07/10 11:56:40,1079,90379
357,5N1AN0NW5DN035639,2019/06/13,33.98,2019/07/10 11:56:40,2019/07/10 11:56:40,1085,90078
358,1FMEU6DE0AU193059,2018/04/22,15.95,2019/07/10 11:56:40,2019/07/10 11:56:40,1080,90258
359,JN8CS1MW9EM208877,2017/12/08,44.01,2019/07/10 11:56:40,2019/07/10 11:56:40,1028,90092
360,KMHFG4JG7FA106730,2018/06/25,86.5,2019/07/10 11:56:40,2019/07/10 11:56:40,1094,90319
361,WAUYP54B11N517624,2018/03/14,19.99,2019/07/10 11:56:40,2019/07/10 11:56:40,1070,90276
362,WBAPK53539A303971,2018/02/21,40.36,2019/07/10 11:56:40,2019/07/10 11:56:40,1030,90002
363,WDDJK7DA5FF952692,2018/11/21,33.79,2019/07/10 11:56:40,2019/07/10 11:56:40,1088,90154
365,JTHBB1BA4A2876041,2018/07/16,28.95,2019/07/10 11:56:40,2019/07/10 11:56:40,1001,90211
366,WAUAFAFH9BN453672,2018/10/13,19.76,2019/07/10 11:56:40,2019/07/10 11:56:40,1021,90061
367,5TDDK3DC2BS545473,2017/12/13,70.59,2019/07/10 11:56:40,2019/07/10 11:56:40,1069,90085
368,JN1CV6EK2BM363653,2018/07/04,58.66,2019/07/10 11:56:40,2019/07/10 11:56:40,1003,90103
369,WBAWV135X9P220885,2018/04/12,34.29,2019/07/10 11:56:40,2019/07/10 11:56:40,1090,90002
370,1GTN2TEH8FZ406094,2018/04/15,25.24,2019/07/10 11:56:40,2019/07/10 11:56:40,1050,90132
371,5GAKVBKD2DJ433777,2018/09/26,88.87,2019/07/10 11:56:40,2019/07/10 11:56:40,1047,90255
372,1FM5K7B89DG913311,2017/11/29,12.79,2019/07/10 11:56:40,2019/07/10 11:56:40,1019,90429
373,2G4GS5ERXD9847421,2018/05/01,99.19,2019/07/10 11:56:40,2019/07/10 11:56:40,1037,90014
374,1ZVBP8AM7B5721116,2018/08/14,23.62,2019/07/10 11:56:40,2019/07/10 11:56:40,1091,90112
375,2HKRM3H34CH130124,2018/02/11,92.18,2019/07/10 11:56:40,2019/07/10 11:56:40,1014,90053
376,SAJWA1CB4BL289509,2018/01/22,96.23,2019/07/10 11:56:40,2019/07/10 11:56:40,1090,90443
377,KMHEC4A48FA770757,2018/11/25,11.48,2019/07/10 11:56:40,2019/07/10 11:56:40,1013,90403
378,JA4AS2AW0CU172033,2019/05/03,26.53,2019/07/10 11:56:40,2019/07/10 11:56:40,1010,90464
379,WA1WMAFE5BD285940,2018/08/07,13.49,2019/07/10 11:56:40,2019/07/10 11:56:40,1020,90054
380,SAJWA4EC7CM979239,2019/02/01,11.79,2019/07/10 11:56:40,2019/07/10 11:56:40,1006,90240
381,SCBLC47J57C248461,2019/01/24,87.11,2019/07/10 11:56:40,2019/07/10 11:56:40,1013,90365
382,5NPEB4AC2EH185520,2018/07/31,73.1,2019/07/10 11:56:40,2019/07/10 11:56:40,1072,90054
383,WAUUL98E47A501049,2017/11/27,40.25,2019/07/10 11:56:40,2019/07/10 11:56:40,1012,90341
386,JTEBU5JR1B5132127,2017/12/13,29.26,2019/07/10 11:56:40,2019/07/10 11:56:40,1010,90085
388,2C3CDXDT3EH531117,2017/12/06,91.49,2019/07/10 11:56:40,2019/07/10 11:56:40,1091,90080
389,5J8TB4H32GL044640,2018/06/12,54.83,2019/07/10 11:56:40,2019/07/10 11:56:40,1011,90116
390,WAUDH74F18N362917,2018/01/22,10.69,2019/07/10 11:56:40,2019/07/10 11:56:40,1080,90062
391,19UUA66277A212667,2018/01/06,17.23,2019/07/10 11:56:40,2019/07/10 11:56:40,1011,90470
393,WAUAVAFD8CN244585,2017/12/31,61.62,2019/07/10 11:56:40,2019/07/10 11:56:40,1003,90299
394,KNADN5A37F6866371,2019/04/02,16.52,2019/07/10 11:56:40,2019/07/10 11:56:40,1039,90064
396,5J8TB4H56EL523299,2018/04/05,69.83,2019/07/10 11:56:40,2019/07/10 11:56:40,1035,90017
398,JH4CU2F84CC196049,2018/09/17,82.46,2019/07/10 11:56:40,2019/07/10 11:56:40,1001,90307
399,4T3BK3BB3FU380488,2018/05/26,37.62,2019/07/10 11:56:40,2019/07/10 11:56:40,1060,90035
400,JH4NA126X4T212496,2018/04/09,95.85,2019/07/10 11:56:40,2019/07/10 11:56:40,1089,90098
401,5GAKVAKD5EJ529270,2019/06/17,77.01,2019/07/10 11:56:40,2019/07/10 11:56:40,1011,90029
402,1N6AA0EK4FN314870,2018/10/06,18.3,2019/07/10 11:56:40,2019/07/10 11:56:40,1023,90199
403,JH4CL95917C156524,2018/07/15,26.06,2019/07/10 11:56:40,2019/07/10 11:56:40,1071,90290
404,JN1BY1AR1FM289902,2018/03/29,64.49,2019/07/10 11:56:40,2019/07/10 11:56:40,1085,90208
405,3G5DB03E14S787744,2018/07/16,89.88,2019/07/10 11:56:40,2019/07/10 11:56:40,1090,90208
406,3MZBM1L7XEM305504,2018/01/23,25.8,2019/07/10 11:56:40,2019/07/10 11:56:40,1082,90435
408,WAUKG68E65A389569,2018/09/07,20.32,2019/07/10 11:56:40,2019/07/10 11:56:40,1017,90074
409,5FNYF3H35FB979252,2018/09/23,30.94,2019/07/10 11:56:40,2019/07/10 11:56:40,1005,90467
410,KM8JT3AB5BU630097,2018/08/15,76.55,2019/07/10 11:56:40,2019/07/10 11:56:40,1009,90379
411,WAULT68E25A758444,2019/06/07,91.25,2019/07/10 11:56:40,2019/07/10 11:56:40,1098,90287
412,JTJBM7FX4E5113788,2017/12/13,47.26,2019/07/10 11:56:40,2019/07/10 11:56:40,1059,90352
413,WBASP4C57AC071356,2019/03/16,48,2019/07/10 11:56:40,2019/07/10 11:56:40,1069,90294
414,WDDHF8JB4DA426165,2017/12/27,87.19,2019/07/10 11:56:40,2019/07/10 11:56:40,1098,90428
415,1FTWX3A56AE549897,2018/12/04,72.4,2019/07/10 11:56:40,2019/07/10 11:56:40,1052,90378
416,1GD312CG4CF869664,2018/02/12,63.09,2019/07/10 11:56:40,2019/07/10 11:56:40,1079,90119
417,1N6AA0EC5DN724499,2019/02/26,11.44,2019/07/10 11:56:40,2019/07/10 11:56:40,1050,90070
419,KMHHT6KDXEU400673,2018/12/07,84.73,2019/07/10 11:56:40,2019/07/10 11:56:40,1016,90296
420,WAUXL58E55A380177,2017/12/07,34.23,2019/07/10 11:56:40,2019/07/10 11:56:40,1092,90074
421,5GAEV23738J015546,2018/08/18,42.99,2019/07/10 11:56:40,2019/07/10 11:56:40,1041,90060
422,WDDLJ6HB5FA173038,2017/11/06,57.01,2019/07/10 11:56:40,2019/07/10 11:56:40,1026,90111
423,1FTNX2A57AE649688,2018/12/08,85,2019/07/10 11:56:40,2019/07/10 11:56:40,1039,90255
424,WAUDT94F95N051452,2018/06/20,66.87,2019/07/10 11:56:40,2019/07/10 11:56:40,1002,90327
426,1D7RV1GT4BS636383,2018/10/15,48.72,2019/07/10 11:56:40,2019/07/10 11:56:40,1006,90367
427,1N6AA0CA6BN651190,2019/01/02,48.13,2019/07/10 11:56:40,2019/07/10 11:56:40,1032,90290
428,SCBZK25E81C959067,2018/11/07,58.42,2019/07/10 11:56:40,2019/07/10 11:56:40,1090,90190
429,1G6DF5E54C0344259,2018/11/25,42.39,2019/07/10 11:56:40,2019/07/10 11:56:40,1095,90331
430,WBAEV33412K360678,2017/11/02,50.17,2019/07/10 11:56:40,2019/07/10 11:56:40,1017,90040
431,WAUDV94F88N458208,2017/11/24,18.46,2019/07/10 11:56:40,2019/07/10 11:56:40,1098,90414
433,5UXFG83588L753053,2018/03/10,11.62,2019/07/10 11:56:40,2019/07/10 11:56:40,1051,90295
434,NM0KS9BNXBT175029,2017/11/26,92.56,2019/07/10 11:56:40,2019/07/10 11:56:40,1076,90062
435,2C3CCABG5DH965463,2018/03/12,94.99,2019/07/10 11:56:40,2019/07/10 11:56:40,1019,90166
436,5TDBK3EH1DS479695,2019/05/06,48.18,2019/07/10 11:56:40,2019/07/10 11:56:40,1052,90357
437,1FTKR1ADXAP287486,2018/05/09,93.65,2019/07/10 11:56:40,2019/07/10 11:56:40,1073,90068
438,KNDPB3A29C7010256,2018/08/17,40.6,2019/07/10 11:56:40,2019/07/10 11:56:40,1026,90346
440,5UXWX7C5XE0358038,2018/04/28,94.75,2019/07/10 11:56:40,2019/07/10 11:56:40,1023,90009
442,WBAKC8C57AC325196,2017/12/30,14.25,2019/07/10 11:56:40,2019/07/10 11:56:40,1091,90307
443,WBAFR9C55CC877661,2018/09/22,31.08,2019/07/10 11:56:40,2019/07/10 11:56:40,1028,90211
444,WAUEF98E66A737633,2019/02/17,62.33,2019/07/10 11:56:40,2019/07/10 11:56:40,1031,90093
445,19XFA1E56BE020068,2018/06/06,39.08,2019/07/10 11:56:40,2019/07/10 11:56:40,1084,90207
446,5UXZV8C54BL165340,2018/10/03,87.11,2019/07/10 11:56:40,2019/07/10 11:56:40,1083,90218
447,WBAYB6C54FG900209,2018/07/13,67.98,2019/07/10 11:56:40,2019/07/10 11:56:40,1020,90156
448,4A31K2DF7AE190261,2019/04/25,46.49,2019/07/10 11:56:40,2019/07/10 11:56:40,1073,90226
451,WAUDL64FX5N830874,2018/10/08,27.64,2019/07/10 11:56:40,2019/07/10 11:56:40,1099,90182
453,WBALL5C58EJ918182,2018/02/03,43.98,2019/07/10 11:56:40,2019/07/10 11:56:40,1020,90323
454,3VW1K7AJ0FM673162,2018/08/09,87.98,2019/07/10 11:56:40,2019/07/10 11:56:40,1024,90476
455,4USDU53467L480470,2019/06/21,49.56,2019/07/10 11:56:40,2019/07/10 11:56:40,1037,90333
456,JN1AV7APXFM947304,2018/11/12,88.93,2019/07/10 11:56:40,2019/07/10 11:56:40,1055,90088
457,WAUDL94F35N667258,2018/05/17,25.88,2019/07/10 11:56:40,2019/07/10 11:56:40,1056,90095
458,1G4HR54K54U514549,2017/11/22,42.68,2019/07/10 11:56:40,2019/07/10 11:56:40,1021,90237
459,SALGS2DF3DA879652,2019/05/03,99.6,2019/07/10 11:56:40,2019/07/10 11:56:40,1056,90442
460,3C4PDCBB1CT711118,2018/11/02,42.19,2019/07/10 11:56:40,2019/07/10 11:56:40,1098,90127
461,KNADM5A3XD6465199,2019/06/06,60.72,2019/07/10 11:56:40,2019/07/10 11:56:40,1035,90237
462,1D4PT7GX2BW885807,2019/03/04,88.33,2019/07/10 11:56:40,2019/07/10 11:56:40,1036,90115
463,3N1AB7AP4FL443236,2019/01/23,42.52,2019/07/10 11:56:40,2019/07/10 11:56:40,1032,90167
464,JH4KB16607C105889,2019/05/22,34.12,2019/07/10 11:56:40,2019/07/10 11:56:40,1082,90292
465,19VDE1F53DE928578,2019/02/21,55.71,2019/07/10 11:56:40,2019/07/10 11:56:40,1023,90491
466,3VW217AUXFM234665,2018/06/22,57.56,2019/07/10 11:56:40,2019/07/10 11:56:40,1024,90205
468,3D73M3HL8AG922424,2019/03/20,88.08,2019/07/10 11:56:40,2019/07/10 11:56:40,1030,90310
469,19XFB2F50DE773440,2017/11/14,98.96,2019/07/10 11:56:40,2019/07/10 11:56:40,1041,90498
470,19UUB2F3XFA252092,2018/10/17,25.7,2019/07/10 11:56:40,2019/07/10 11:56:40,1092,90387
471,WAUEF78E87A120093,2019/06/23,80.04,2019/07/10 11:56:40,2019/07/10 11:56:40,1039,90226
472,WBAYF4C5XFD429967,2019/02/21,37.86,2019/07/10 11:56:40,2019/07/10 11:56:40,1079,90028
473,WA1BV74L38D175249,2018/08/26,98.28,2019/07/10 11:56:40,2019/07/10 11:56:40,1085,90278
474,WAUKGBFB4AN566169,2018/08/07,27.07,2019/07/10 11:56:40,2019/07/10 11:56:40,1027,90030
475,2B3CA8CT2AH764347,2018/08/04,67.43,2019/07/10 11:56:40,2019/07/10 11:56:40,1092,90169
476,1N6AD0CU4EN079784,2018/08/30,13.65,2019/07/10 11:56:40,2019/07/10 11:56:40,1060,90270
477,JM1NC2LF7E0068229,2018/05/29,54.12,2019/07/10 11:56:40,2019/07/10 11:56:40,1038,90015
478,1FTMF1CW9AK280946,2018/06/12,70.51,2019/07/10 11:56:40,2019/07/10 11:56:40,1039,90038
479,ML32A3HJ6FH091454,2018/03/13,66.67,2019/07/10 11:56:40,2019/07/10 11:56:40,1029,90118
481,SCFAD01A35G802641,2018/09/04,27.52,2019/07/10 11:56:40,2019/07/10 11:56:40,1087,90487
483,WBAPH7G59BN632547,2018/10/15,65.99,2019/07/10 11:56:40,2019/07/10 11:56:40,1031,90033
484,JTDKDTB32F1091765,2019/01/28,30.97,2019/07/10 11:56:40,2019/07/10 11:56:40,1010,90433
486,ML32A3HJ2EH832813,2018/06/28,41.51,2019/07/10 11:56:40,2019/07/10 11:56:40,1030,90445
487,WBAEK73464B794839,2018/04/05,19.36,2019/07/10 11:56:40,2019/07/10 11:56:40,1035,90138
488,WA1CYBFE0AD054889,2018/05/12,41.47,2019/07/10 11:56:40,2019/07/10 11:56:40,1073,90024
490,JM1CW2BL9E0337482,2019/05/28,17.66,2019/07/10 11:56:40,2019/07/10 11:56:40,1031,90201
491,ZHWGU5BZ1AL787740,2018/08/18,83.78,2019/07/10 11:56:40,2019/07/10 11:56:40,1088,90002
492,WBAWR33547P536909,2019/05/08,76.78,2019/07/10 11:56:40,2019/07/10 11:56:40,1013,90148
493,WAUUL78EX6A093854,2019/03/21,39.75,2019/07/10 11:56:40,2019/07/10 11:56:40,1007,90082
494,SAJWA0ES7EP621608,2018/07/05,99.44,2019/07/10 11:56:40,2019/07/10 11:56:40,1041,90197
495,5J8TB3H55DL827295,2018/03/26,46.82,2019/07/10 11:56:40,2019/07/10 11:56:40,1027,90115
496,WBA3B9C55FF928845,2017/11/01,64.66,2019/07/10 11:56:40,2019/07/10 11:56:40,1063,90181
497,JN8AF5MR3DT555087,2018/12/11,20,2019/07/10 11:56:40,2019/07/10 11:56:40,1047,90121
498,1N4AB7AP1DN649811,2019/06/10,63.58,2019/07/10 11:56:40,2019/07/10 11:56:40,1086,90300
499,KMHHT6KD8BU976421,2018/02/22,84.7,2019/07/10 11:56:40,2019/07/10 11:56:40,1041,90350
500,5GAKRAKD4FJ941587,2018/01/24,23.73,2019/07/10 11:56:40,2019/07/10 11:56:40,1017,90267
501,4JGBF2FE0AA626905,2018/08/12,76.88,2019/07/10 11:56:40,2019/07/10 11:56:40,1091,90068
502,SCBFT7ZA6EC812675,2018/03/24,39.53,2019/07/10 11:56:40,2019/07/10 11:56:40,1057,90168
503,5N1AR1NB5AC947931,2017/11/07,39.8,2019/07/10 11:56:40,2019/07/10 11:56:40,1021,90276
504,WAULD54B52N865575,2018/08/20,54.14,2019/07/10 11:56:40,2019/07/10 11:56:40,1083,90245
505,3VWML7AJ6CM617409,2019/06/02,67.52,2019/07/10 11:56:40,2019/07/10 11:56:40,1085,90286
506,SCBZB25E81C041626,2018/03/29,35.59,2019/07/10 11:56:40,2019/07/10 11:56:40,1082,90490
507,JTDBT4K33B4731743,2018/10/17,60.34,2019/07/10 11:56:40,2019/07/10 11:56:40,1027,90067
508,1G4HR54K414404331,2018/06/19,60.45,2019/07/10 11:56:40,2019/07/10 11:56:40,1079,90450
509,2B3CL5CT8BH490954,2019/07/01,89.95,2019/07/10 11:56:40,2019/07/10 11:56:40,1072,90093
510,JN8AS5MT0DW148351,2017/12/04,53.59,2019/07/10 11:56:40,2019/07/10 11:56:40,1013,90018
512,5N1AA0NC4EN038499,2019/01/14,43.98,2019/07/10 11:56:40,2019/07/10 11:56:40,1005,90237
513,WAULD54B02N339113,2018/12/26,34.22,2019/07/10 11:56:40,2019/07/10 11:56:40,1039,90410
514,SALAB2D47CA639586,2019/02/15,79.14,2019/07/10 11:56:40,2019/07/10 11:56:40,1020,90022
515,SALFP2BN4AH010102,2018/08/12,76.91,2019/07/10 11:56:40,2019/07/10 11:56:40,1017,90235
517,1G4GC5EC2BF000907,2018/04/15,76.11,2019/07/10 11:56:40,2019/07/10 11:56:40,1085,90128
518,1GT01ZCG1EF380982,2017/11/20,13.93,2019/07/10 11:56:40,2019/07/10 11:56:40,1014,90183
519,WBAKE3C58DE801882,2018/08/06,28.89,2019/07/10 11:56:40,2019/07/10 11:56:40,1061,90196
520,WAUSGAFC9CN354356,2018/11/30,74,2019/07/10 11:56:40,2019/07/10 11:56:40,1099,90022
521,19UUA75648A486260,2017/11/14,57,2019/07/10 11:56:40,2019/07/10 11:56:40,1029,90377
522,WAUFFAFC3DN154014,2018/08/15,85.97,2019/07/10 11:56:40,2019/07/10 11:56:40,1015,90025
523,WAUKH98E37A664316,2018/07/23,65.26,2019/07/10 11:56:40,2019/07/10 11:56:40,1026,90488
524,3C63D3FL9CG939305,2018/10/25,87.79,2019/07/10 11:56:40,2019/07/10 11:56:40,1046,90091
525,WAUJGAFD1FN026681,2018/11/21,14.18,2019/07/10 11:56:40,2019/07/10 11:56:40,1077,90087
526,2HNYD2H89DH656755,2019/07/09,95.51,2019/07/10 11:56:40,2019/07/10 11:56:40,1043,90427
527,1G6DK67V280959530,2018/08/06,36.58,2019/07/10 11:56:40,2019/07/10 11:56:40,1069,90307
528,JH4KB16527C145382,2019/04/04,90.48,2019/07/10 11:56:40,2019/07/10 11:56:40,1016,90487
530,1G4GA5GR5DF894704,2017/11/19,94.7,2019/07/10 11:56:40,2019/07/10 11:56:40,1099,90263
531,WA1C8AFP4DA701991,2017/11/01,84.81,2019/07/10 11:56:40,2019/07/10 11:56:40,1016,90440
532,1G4HP54K754425606,2017/12/06,21.73,2019/07/10 11:56:40,2019/07/10 11:56:40,1099,90150
533,WBAEV33404P687448,2019/04/12,91.24,2019/07/10 11:56:40,2019/07/10 11:56:40,1032,90421
534,1FTSF3B51AE336484,2018/06/08,29.68,2019/07/10 11:56:40,2019/07/10 11:56:40,1073,90476
535,1GKS1EEF7CR503450,2018/04/16,23.21,2019/07/10 11:56:40,2019/07/10 11:56:40,1073,90429
536,WAUBF78E37A432096,2018/01/12,90.45,2019/07/10 11:56:40,2019/07/10 11:56:40,1014,90053
537,3FA6P0D98DR400611,2018/08/03,43.12,2019/07/10 11:56:40,2019/07/10 11:56:40,1015,90338
538,WDDGF4HB9CF071456,2019/03/04,21.47,2019/07/10 11:56:40,2019/07/10 11:56:40,1026,90302
539,1G4CU541354730997,2018/12/18,74.32,2019/07/10 11:56:40,2019/07/10 11:56:40,1057,90058
540,5GAKVAKD0EJ554304,2018/03/09,46.68,2019/07/10 11:56:40,2019/07/10 11:56:40,1005,90183
542,1C4RDHDG3DC221761,2019/01/05,89.36,2019/07/10 11:56:40,2019/07/10 11:56:40,1028,90198
543,1N6AA0CHXDN922770,2018/10/21,61.38,2019/07/10 11:56:40,2019/07/10 11:56:40,1020,90096
544,3GYFNGE38ES215398,2018/09/06,75.67,2019/07/10 11:56:40,2019/07/10 11:56:40,1043,90450
545,1G4HP54K654366435,2018/09/15,16.55,2019/07/10 11:56:40,2019/07/10 11:56:40,1046,90328
547,WAUUL98E96A744399,2018/01/19,73.89,2019/07/10 11:56:40,2019/07/10 11:56:40,1036,90040
548,KNADH5A39B6162321,2019/04/11,76.47,2019/07/10 11:56:40,2019/07/10 11:56:40,1070,90366
550,5N1AA0NC6CN228706,2018/02/03,38.48,2019/07/10 11:56:40,2019/07/10 11:56:40,1039,90029
551,WBAYB6C55ED322962,2018/01/14,13.93,2019/07/10 11:56:40,2019/07/10 11:56:40,1058,90012
552,1G6AM5SX5D0991642,2019/07/07,59.45,2019/07/10 11:56:40,2019/07/10 11:56:40,1046,90490
553,JN1BJ0HR4FM854793,2019/02/12,39.64,2019/07/10 11:56:40,2019/07/10 11:56:40,1041,90229
554,2C3CCABG3CH436611,2018/08/15,59.99,2019/07/10 11:56:40,2019/07/10 11:56:40,1052,90158
555,4USDU53598L183140,2018/05/16,60.81,2019/07/10 11:56:40,2019/07/10 11:56:40,1060,90446
556,3N6CM0KN3DK905581,2019/04/18,95.2,2019/07/10 11:56:40,2019/07/10 11:56:40,1083,90168
557,WBAYF8C58FD335108,2019/04/03,31.5,2019/07/10 11:56:40,2019/07/10 11:56:40,1023,90458
558,5UMBT93578L261711,2018/06/29,88.02,2019/07/10 11:56:40,2019/07/10 11:56:40,1014,90449
559,WBAPK5C57BA512670,2019/02/04,26.47,2019/07/10 11:56:40,2019/07/10 11:56:40,1059,90187
560,3D7JV1EP2BG279635,2019/03/14,24.9,2019/07/10 11:56:40,2019/07/10 11:56:40,1004,90014
561,19UUA662X4A532156,2018/08/31,14.72,2019/07/10 11:56:40,2019/07/10 11:56:40,1059,90207
564,2T3BFREV8DW880219,2017/11/01,92.32,2019/07/10 11:56:40,2019/07/10 11:56:40,1094,90183
565,1G6AE5SX4E0032893,2018/12/29,66.91,2019/07/10 11:56:40,2019/07/10 11:56:40,1083,90176
566,WVGFF9BP1BD318921,2018/11/07,78.3,2019/07/10 11:56:40,2019/07/10 11:56:40,1085,90260
567,2C4RDGEGXDR324370,2018/04/18,90.49,2019/07/10 11:56:40,2019/07/10 11:56:40,1076,90388
568,1GYS4DEF2ER165577,2019/03/14,25.78,2019/07/10 11:56:40,2019/07/10 11:56:40,1055,90389
570,SCBLC43FX5C928791,2018/12/13,39.68,2019/07/10 11:56:40,2019/07/10 11:56:40,1030,90416
571,KNADH5A36B6420908,2019/06/21,24.13,2019/07/10 11:56:40,2019/07/10 11:56:40,1004,90024
573,5XXGM4A74CG864171,2018/02/21,72.43,2019/07/10 11:56:40,2019/07/10 11:56:40,1070,90286
574,5GAER23D89J842907,2019/02/18,38.09,2019/07/10 11:56:40,2019/07/10 11:56:40,1095,90046
575,WBAYF4C51DD552473,2019/04/23,19.56,2019/07/10 11:56:40,2019/07/10 11:56:40,1052,90069
576,1FTKR1AD2AP580668,2018/05/02,90.03,2019/07/10 11:56:40,2019/07/10 11:56:40,1019,90299
577,JTHDU1EF5D5933392,2018/04/07,73.24,2019/07/10 11:56:40,2019/07/10 11:56:40,1077,90360
578,WBA3V7C58F5596806,2018/06/07,30.7,2019/07/10 11:56:40,2019/07/10 11:56:40,1031,90283
579,JN8AE2KP2F9592683,2018/03/18,74.03,2019/07/10 11:56:40,2019/07/10 11:56:40,1053,90420
580,1N6AA0CH1FN824455,2018/10/17,93.32,2019/07/10 11:56:40,2019/07/10 11:56:40,1012,90406
581,WAUSF98E06A235610,2019/06/23,18.02,2019/07/10 11:56:40,2019/07/10 11:56:40,1030,90416
582,1C3BCBGG3EN896386,2018/05/31,30.5,2019/07/10 11:56:40,2019/07/10 11:56:40,1037,90283
584,19UYA42792A900539,2018/05/23,52.7,2019/07/10 11:56:40,2019/07/10 11:56:40,1001,90139
585,WBS3U9C53FJ020252,2018/05/05,33.35,2019/07/10 11:56:40,2019/07/10 11:56:40,1087,90171
586,WAUGGBFC4DN867866,2018/07/29,65.25,2019/07/10 11:56:40,2019/07/10 11:56:40,1042,90482
587,1FMJU1G52AE170518,2018/10/23,96.67,2019/07/10 11:56:40,2019/07/10 11:56:40,1023,90275
588,5XYZT3LB5FG873744,2018/12/14,39.51,2019/07/10 11:56:40,2019/07/10 11:56:40,1032,90030
589,2C3CDXBG2DH203448,2018/04/09,66.89,2019/07/10 11:56:40,2019/07/10 11:56:40,1033,90411
590,KNALW4D47F6910585,2017/11/11,58.31,2019/07/10 11:56:40,2019/07/10 11:56:40,1010,90331
591,5XYKT3A11BG601682,2018/08/30,74.2,2019/07/10 11:56:40,2019/07/10 11:56:40,1006,90456
593,WAURD68DX1A753176,2017/11/04,96.62,2019/07/10 11:56:40,2019/07/10 11:56:40,1053,90123
595,1N6AA0CJ8DN220059,2019/04/23,54.44,2019/07/10 11:56:40,2019/07/10 11:56:40,1080,90178
596,WAUHGBFC8DN155946,2018/07/05,25.98,2019/07/10 11:56:40,2019/07/10 11:56:40,1094,90350
599,3GYFNEEY5AS472786,2018/10/27,35.38,2019/07/10 11:56:40,2019/07/10 11:56:40,1034,90023
600,WAUVC58E34A752377,2019/06/29,30.98,2019/07/10 11:56:40,2019/07/10 11:56:40,1079,90221
601,1G6DF8E54E0509389,2019/01/20,80.63,2019/07/10 11:56:40,2019/07/10 11:56:40,1069,90136
603,1G6DK8E37C0853645,2018/05/05,58.79,2019/07/10 11:56:40,2019/07/10 11:56:40,1062,90496
604,2C3CDXDT7CH846046,2018/10/30,21.84,2019/07/10 11:56:40,2019/07/10 11:56:40,1043,90312
605,WBAUT9C53CA664390,2018/06/13,13.48,2019/07/10 11:56:40,2019/07/10 11:56:40,1084,90039
607,1C3CDWEA5CD251670,2018/12/05,53.27,2019/07/10 11:56:40,2019/07/10 11:56:40,1064,90419
608,3D73Y4CL6AG308263,2018/08/12,16.04,2019/07/10 11:56:40,2019/07/10 11:56:40,1083,90239
609,1G6AD5S34E0934007,2019/04/13,13.26,2019/07/10 11:56:40,2019/07/10 11:56:40,1038,90297
610,1G6DA8EG1A0249351,2018/12/12,52.78,2019/07/10 11:56:40,2019/07/10 11:56:40,1097,90020
611,WBA3D3C52FK374064,2018/03/21,49.82,2019/07/10 11:56:40,2019/07/10 11:56:40,1094,90115
612,WBAYP1C5XED794885,2019/04/22,34.42,2019/07/10 11:56:40,2019/07/10 11:56:40,1016,90308
613,JN8AZ2KR9DT883414,2018/07/04,41.56,2019/07/10 11:56:40,2019/07/10 11:56:40,1020,90483
615,TRUSC28N621591353,2019/02/13,40.57,2019/07/10 11:56:40,2019/07/10 11:56:40,1041,90376
616,JM1NC2EF2A0210994,2019/04/06,88.34,2019/07/10 11:56:40,2019/07/10 11:56:40,1087,90034
618,KNDMG4C74E6457489,2018/05/09,45.3,2019/07/10 11:56:40,2019/07/10 11:56:40,1033,90469
619,5GADS13S672503756,2018/10/01,65.27,2019/07/10 11:56:40,2019/07/10 11:56:40,1019,90071
621,1FTWW3B53AE971434,2018/12/15,83.64,2019/07/10 11:56:40,2019/07/10 11:56:40,1056,90299
622,1G6AZ5SX2E0891839,2018/08/09,79.64,2019/07/10 11:56:40,2019/07/10 11:56:40,1010,90097
623,SCBFU7ZA1DC865635,2017/11/16,34.99,2019/07/10 11:56:40,2019/07/10 11:56:40,1089,90134
624,1FMJU1H59AE787378,2019/01/12,97.93,2019/07/10 11:56:40,2019/07/10 11:56:40,1030,90347
625,WBAHN83557D202357,2017/11/02,38.55,2019/07/10 11:56:40,2019/07/10 11:56:40,1082,90269
626,1FTEX1E80AK932076,2018/03/18,40.26,2019/07/10 11:56:40,2019/07/10 11:56:40,1039,90309
627,WAUMR94E39N193890,2019/06/15,25.08,2019/07/10 11:56:40,2019/07/10 11:56:40,1016,90258
629,5LMJJ2JT4FE067470,2018/11/14,93.33,2019/07/10 11:56:40,2019/07/10 11:56:40,1047,90351
630,JH4CL96937C218472,2018/01/03,21.44,2019/07/10 11:56:40,2019/07/10 11:56:40,1038,90180
632,TRUTC28N741170782,2018/02/10,66.56,2019/07/10 11:56:40,2019/07/10 11:56:40,1044,90150
633,5TFAW5F17FX198897,2017/12/17,26.59,2019/07/10 11:56:40,2019/07/10 11:56:40,1042,90079
634,19XFA1E65AE638005,2019/02/16,81.27,2019/07/10 11:56:40,2019/07/10 11:56:40,1043,90111
635,1FTWW3CY9AE128928,2018/03/25,83.28,2019/07/10 11:56:40,2019/07/10 11:56:40,1059,90310
636,1FMJK1F5XCE894225,2019/01/28,38.6,2019/07/10 11:56:40,2019/07/10 11:56:40,1010,90491
637,SCFAD02A97G083512,2018/09/20,30.26,2019/07/10 11:56:40,2019/07/10 11:56:40,1002,90420
638,WAUDH48H78K461916,2019/05/31,56.92,2019/07/10 11:56:40,2019/07/10 11:56:40,1061,90373
639,1FAHP3E26CL256436,2018/12/28,47.24,2019/07/10 11:56:40,2019/07/10 11:56:40,1046,90322
640,WAUHGAFC5FN705648,2018/07/17,21.59,2019/07/10 11:56:40,2019/07/10 11:56:40,1093,90264
641,19VDE1F31DE285906,2018/02/21,35.52,2019/07/10 11:56:40,2019/07/10 11:56:40,1029,90050
642,1G6AC5S37D0893874,2018/05/23,18.69,2019/07/10 11:56:40,2019/07/10 11:56:40,1091,90049
643,KNADM5A33E6280851,2018/01/23,72.61,2019/07/10 11:56:40,2019/07/10 11:56:40,1074,90326
644,5GADX33L16D732449,2018/05/16,58.47,2019/07/10 11:56:40,2019/07/10 11:56:40,1092,90200
645,JN8AZ2KR3ET725605,2018/11/19,18.5,2019/07/10 11:56:40,2019/07/10 11:56:40,1004,90096
647,1FTMF1CW0AK772281,2017/11/29,30.42,2019/07/10 11:56:40,2019/07/10 11:56:40,1069,90225
648,JHMZF1D65ES608097,2019/04/05,43.36,2019/07/10 11:56:40,2019/07/10 11:56:40,1016,90330
649,2T1BURHE6EC995656,2018/01/15,52.93,2019/07/10 11:56:40,2019/07/10 11:56:40,1091,90182
650,JN1BJ0HP8FM087271,2018/04/12,81.34,2019/07/10 11:56:40,2019/07/10 11:56:40,1013,90245
651,1D7RB1CT3BS286159,2019/01/24,49.2,2019/07/10 11:56:40,2019/07/10 11:56:40,1003,90170
653,WAU4FAFL8AA881580,2018/04/05,45.33,2019/07/10 11:56:40,2019/07/10 11:56:40,1024,90061
654,SCBDP3ZA1AC040391,2018/01/18,76.65,2019/07/10 11:56:40,2019/07/10 11:56:40,1006,90098
656,1FMEU6FE7AU613574,2019/06/22,65.69,2019/07/10 11:56:40,2019/07/10 11:56:40,1086,90261
657,2FMPK3K93FB540576,2018/12/10,29.43,2019/07/10 11:56:40,2019/07/10 11:56:40,1051,90158
658,WBABS53491E754935,2017/11/08,42.81,2019/07/10 11:56:40,2019/07/10 11:56:40,1028,90097
659,5UXWX5C50CL834619,2018/03/26,67.55,2019/07/10 11:56:40,2019/07/10 11:56:40,1074,90131
660,JN1AZ4EH5AM745050,2019/06/10,23,2019/07/10 11:56:40,2019/07/10 11:56:40,1090,90458
662,1GYUKJEFXAR153829,2019/07/08,52.55,2019/07/10 11:56:40,2019/07/10 11:56:40,1083,90168
663,4USBT33565L000383,2018/08/27,20,2019/07/10 11:56:40,2019/07/10 11:56:40,1002,90035
664,1FMEU7EE5AU379099,2019/06/15,71.79,2019/07/10 11:56:40,2019/07/10 11:56:40,1098,90072
666,KMHHT6KD8BU355261,2017/12/22,97.14,2019/07/10 11:56:40,2019/07/10 11:56:40,1057,90015
667,1G6DE5E56D0232664,2018/07/22,98.39,2019/07/10 11:56:40,2019/07/10 11:56:40,1057,90096
668,JN1CV6FE4FM255548,2018/11/28,16.41,2019/07/10 11:56:40,2019/07/10 11:56:40,1023,90470
669,1FMEU8FE3AU166916,2019/01/10,85.74,2019/07/10 11:56:40,2019/07/10 11:56:40,1025,90078
670,JN8AZ1MU6EW435336,2018/03/21,78.24,2019/07/10 11:56:40,2019/07/10 11:56:40,1025,90267
671,1GYEE53A490163587,2019/04/23,11.39,2019/07/10 11:56:40,2019/07/10 11:56:40,1054,90409
672,JTDZN3EU5FJ287179,2018/08/15,70.94,2019/07/10 11:56:40,2019/07/10 11:56:40,1003,90401
673,1FTMF1EW3AK339468,2018/02/25,99.31,2019/07/10 11:56:40,2019/07/10 11:56:40,1053,90144
675,WVWAN7AN2DE017755,2018/04/25,13.69,2019/07/10 11:56:40,2019/07/10 11:56:40,1025,90002
676,4T1BK1EB3FU567867,2017/11/01,51.3,2019/07/10 11:56:40,2019/07/10 11:56:40,1060,90225
677,1GKKRNED1FJ625263,2018/10/29,93.92,2019/07/10 11:56:40,2019/07/10 11:56:40,1005,90069
678,WBANE73546C230913,2019/05/21,62.6,2019/07/10 11:56:40,2019/07/10 11:56:40,1053,90195
680,1G4HP52K734117996,2018/08/12,45.52,2019/07/10 11:56:40,2019/07/10 11:56:40,1032,90096
681,1N4AL2AP5AN095961,2017/12/06,14.72,2019/07/10 11:56:40,2019/07/10 11:56:40,1011,90018
682,1G6DD8E31E0942981,2018/09/24,29.15,2019/07/10 11:56:40,2019/07/10 11:56:40,1032,90477
683,5N1CR2MM1EC759527,2019/06/04,34.99,2019/07/10 11:56:40,2019/07/10 11:56:40,1077,90390
684,JN8AF5MR3FT283028,2019/01/10,18.58,2019/07/10 11:56:40,2019/07/10 11:56:40,1080,90136
685,WAUGU44D42N007320,2018/04/16,25,2019/07/10 11:56:40,2019/07/10 11:56:40,1051,90005
686,WDDHF5KB6EA666784,2017/12/07,37.68,2019/07/10 11:56:40,2019/07/10 11:56:40,1062,90414
687,5NPDH4AE0DH003677,2018/02/13,71.78,2019/07/10 11:56:40,2019/07/10 11:56:40,1064,90024
688,WVGEF9BP8FD085945,2019/06/07,35.19,2019/07/10 11:56:40,2019/07/10 11:56:40,1057,90004
689,WVWAN7AN8EE180251,2018/07/12,44.07,2019/07/10 11:56:40,2019/07/10 11:56:40,1055,90367
690,2G4GS5GX4E9336168,2019/06/30,44.58,2019/07/10 11:56:40,2019/07/10 11:56:40,1003,90051
692,WAUAT48H44K224165,2018/06/14,46.7,2019/07/10 11:56:40,2019/07/10 11:56:40,1091,90455
693,1C4RDJEG5EC211935,2017/12/16,89.65,2019/07/10 11:56:40,2019/07/10 11:56:40,1039,90104
694,2G4WD532851929319,2018/01/14,16.49,2019/07/10 11:56:40,2019/07/10 11:56:40,1074,90305
696,5GALVAED3AJ879717,2018/10/05,10.94,2019/07/10 11:56:40,2019/07/10 11:56:40,1036,90317
698,4T1BD1FK6EU614896,2018/07/23,34.25,2019/07/10 11:56:40,2019/07/10 11:56:40,1068,90006
699,4T1BK1EB8EU276344,2018/03/03,35.7,2019/07/10 11:56:40,2019/07/10 11:56:40,1046,90246
700,JN8AZ2NC6B9315123,2018/10/28,46.57,2019/07/10 11:56:40,2019/07/10 11:56:40,1035,90092
701,3GYFNDE32ES616699,2018/02/17,93.92,2019/07/10 11:56:40,2019/07/10 11:56:40,1069,90440
702,WA1LMBFE7FD910594,2017/11/19,42.15,2019/07/10 11:56:40,2019/07/10 11:56:40,1082,90142
704,1G6AH1RXXF0469675,2019/01/28,53.54,2019/07/10 11:56:40,2019/07/10 11:56:40,1079,90288
705,3D73Y4HL4BG625405,2018/12/21,70.48,2019/07/10 11:56:40,2019/07/10 11:56:40,1083,90207
706,WA1WMAFE0CD769015,2018/06/24,61.49,2019/07/10 11:56:40,2019/07/10 11:56:40,1083,90383
709,1GTN2TEH6FZ099296,2019/03/14,91.14,2019/07/10 11:56:40,2019/07/10 11:56:40,1078,90011
710,KNDPB3A26C7330084,2018/05/14,13.57,2019/07/10 11:56:40,2019/07/10 11:56:40,1055,90477
711,WBAYF8C5XFD604225,2017/11/08,67,2019/07/10 11:56:40,2019/07/10 11:56:40,1082,90452
712,JTHFE2C20F2443507,2018/12/18,11.03,2019/07/10 11:56:40,2019/07/10 11:56:40,1094,90337
713,1G6AT5S39E0413111,2018/07/11,98.83,2019/07/10 11:56:40,2019/07/10 11:56:40,1044,90386
714,1C3BC7EG8BN841542,2018/11/10,22.61,2019/07/10 11:56:40,2019/07/10 11:56:40,1045,90062
715,JN1CV6FEXEM609698,2019/03/10,87.17,2019/07/10 11:56:40,2019/07/10 11:56:40,1043,90088
716,1G6AX5S37E0538743,2018/11/20,93.83,2019/07/10 11:56:40,2019/07/10 11:56:40,1060,90094
717,JM1CR2W34A0353777,2017/11/16,65.65,2019/07/10 11:56:40,2019/07/10 11:56:40,1053,90218
718,3N1BC1CP9CK400122,2018/03/10,89.53,2019/07/10 11:56:40,2019/07/10 11:56:40,1083,90034
719,WBADR63442G324388,2018/02/17,21.25,2019/07/10 11:56:40,2019/07/10 11:56:40,1082,90469
720,WBSPM9C59AE550938,2017/12/17,66.66,2019/07/10 11:56:40,2019/07/10 11:56:40,1043,90352
721,WBAAX13463P233197,2017/11/19,80.37,2019/07/10 11:56:40,2019/07/10 11:56:40,1073,90298
722,SCFFDCCD9CG468434,2018/05/10,18.99,2019/07/10 11:56:40,2019/07/10 11:56:40,1039,90248
723,WA1VMAFP2EA078344,2018/07/26,64.47,2019/07/10 11:56:40,2019/07/10 11:56:40,1084,90264
724,WA1AV94L19D717277,2018/04/14,53.84,2019/07/10 11:56:40,2019/07/10 11:56:40,1090,90018
726,WP0AA2A97CS084112,2017/11/07,34.41,2019/07/10 11:56:40,2019/07/10 11:56:40,1017,90044
728,JTEBU5JR8D5362766,2018/04/03,33.64,2019/07/10 11:56:40,2019/07/10 11:56:40,1038,90474
729,5LMJJ2H59AE301019,2019/01/08,55.18,2019/07/10 11:56:40,2019/07/10 11:56:40,1053,90313
730,5TFBM5F18AX610084,2018/05/20,83.04,2019/07/10 11:56:40,2019/07/10 11:56:40,1036,90466
731,1C4RDJEG5CC171370,2018/10/31,77.19,2019/07/10 11:56:40,2019/07/10 11:56:40,1040,90260
732,WAUEFAFL9DN744536,2018/06/02,62.72,2019/07/10 11:56:40,2019/07/10 11:56:40,1095,90010
734,3VWJX7AJ5AM096588,2019/04/25,27.31,2019/07/10 11:56:40,2019/07/10 11:56:40,1050,90221
735,1FTEW1CW5AK961836,2018/02/18,18.36,2019/07/10 11:56:40,2019/07/10 11:56:40,1058,90313
736,1GYS3GEF2BR014139,2018/08/04,10.34,2019/07/10 11:56:40,2019/07/10 11:56:40,1027,90402
737,KMHFC4DD7BA988084,2019/01/24,24.03,2019/07/10 11:56:40,2019/07/10 11:56:40,1001,90018
738,JTHDU5EF9C5365587,2018/09/06,87.9,2019/07/10 11:56:40,2019/07/10 11:56:40,1027,90065
739,3D7TP2CT7BG715873,2018/09/13,23.13,2019/07/10 11:56:40,2019/07/10 11:56:40,1046,90375
740,1G6DM57N440000743,2018/01/25,73.89,2019/07/10 11:56:40,2019/07/10 11:56:40,1058,90225
741,1C3CDZBG0DN542308,2019/04/12,40.31,2019/07/10 11:56:40,2019/07/10 11:56:40,1068,90342
742,WAUPFAFM8AA545417,2019/06/28,32.47,2019/07/10 11:56:40,2019/07/10 11:56:40,1018,90121
743,WBAWC33529P814386,2018/07/07,37.29,2019/07/10 11:56:40,2019/07/10 11:56:40,1071,90057
744,WDDPK4HA5DF143029,2019/03/28,42.2,2019/07/10 11:56:40,2019/07/10 11:56:40,1037,90445
745,YV4902NC8F1347100,2019/06/19,77.23,2019/07/10 11:56:40,2019/07/10 11:56:40,1044,90081
746,2HNYD18674H130455,2017/11/07,24.75,2019/07/10 11:56:40,2019/07/10 11:56:40,1043,90266
747,1D4RD2GG0BC305447,2018/12/11,54.16,2019/07/10 11:56:40,2019/07/10 11:56:40,1063,90265
748,2HNYD18796H381750,2018/04/03,25.54,2019/07/10 11:56:40,2019/07/10 11:56:40,1004,90111
749,KNALN4D76E5096611,2019/05/24,59.92,2019/07/10 11:56:40,2019/07/10 11:56:40,1039,90053
750,2C3CCAAG2DH920319,2018/02/16,33.01,2019/07/10 11:56:40,2019/07/10 11:56:40,1028,90300
751,WAUMFAFR1EA373753,2018/03/23,23.95,2019/07/10 11:56:40,2019/07/10 11:56:40,1068,90140
752,5BZAF0AA1EN620201,2017/12/17,67.63,2019/07/10 11:56:40,2019/07/10 11:56:40,1019,90100
753,WDDJK7DA8FF917547,2019/02/25,11.98,2019/07/10 11:56:40,2019/07/10 11:56:40,1028,90295
755,1FTSF3B55AE351067,2018/06/19,14.92,2019/07/10 11:56:40,2019/07/10 11:56:40,1037,90002
756,KNDPB3A27D7610906,2018/03/27,22.22,2019/07/10 11:56:40,2019/07/10 11:56:40,1047,90376
757,JN1AZ4EH5BM475657,2019/01/08,61.87,2019/07/10 11:56:40,2019/07/10 11:56:40,1064,90476
758,WBA3B1C50DK771828,2018/09/23,57.2,2019/07/10 11:56:40,2019/07/10 11:56:40,1051,90388
759,WAUXL58E24A817244,2019/02/13,27.55,2019/07/10 11:56:40,2019/07/10 11:56:40,1079,90152
760,WBAYF8C52FD480306,2018/02/09,11.02,2019/07/10 11:56:40,2019/07/10 11:56:40,1012,90378
761,3VWJX7AJ8AM865844,2018/03/02,50.99,2019/07/10 11:56:40,2019/07/10 11:56:40,1066,90324
762,WAUCFAFC7DN068885,2019/04/21,32.86,2019/07/10 11:56:40,2019/07/10 11:56:40,1034,90342
763,WVGAV7AX8CW121611,2019/07/08,76.6,2019/07/10 11:56:40,2019/07/10 11:56:40,1069,90227
765,JN8AZ1MU4CW159820,2018/07/26,17.21,2019/07/10 11:56:40,2019/07/10 11:56:40,1053,90309
766,SCBDC47L78C892017,2019/03/30,82.97,2019/07/10 11:56:40,2019/07/10 11:56:40,1016,90231
767,5N1AA0ND0EN973236,2019/05/15,22.91,2019/07/10 11:56:40,2019/07/10 11:56:40,1061,90436
768,WAUDF78E57A729184,2018/02/24,50.63,2019/07/10 11:56:40,2019/07/10 11:56:40,1024,90396
769,2HKRM3H37FH953442,2019/02/19,25.53,2019/07/10 11:56:40,2019/07/10 11:56:40,1025,90235
770,JN1AZ4EH0FM205211,2018/09/01,88.65,2019/07/10 11:56:40,2019/07/10 11:56:40,1058,90046
771,1G6DN57P490592408,2018/07/26,30.57,2019/07/10 11:56:40,2019/07/10 11:56:40,1086,90210
772,NM0KS6AN2AT311734,2018/08/22,69.46,2019/07/10 11:56:40,2019/07/10 11:56:40,1086,90039
774,1G6YV36A865771035,2017/11/07,22.29,2019/07/10 11:56:40,2019/07/10 11:56:40,1032,90080
775,1N6AA0CA2FN832891,2018/04/22,43.56,2019/07/10 11:56:40,2019/07/10 11:56:40,1063,90220
777,1GD11XEG5FF110463,2019/05/08,38.57,2019/07/10 11:56:40,2019/07/10 11:56:40,1030,90070
778,3C6TD4MT3CG690847,2019/05/01,91.82,2019/07/10 11:56:40,2019/07/10 11:56:40,1098,90049
779,JM1NC2PF8F0113660,2017/11/26,19.93,2019/07/10 11:56:40,2019/07/10 11:56:40,1086,90452
781,WAUBC48H55K675952,2018/10/28,34.41,2019/07/10 11:56:40,2019/07/10 11:56:40,1011,90307
782,SCFBB04B48G223080,2017/11/23,75.52,2019/07/10 11:56:40,2019/07/10 11:56:40,1045,90288
783,1GYFC53259R248436,2018/03/10,19.3,2019/07/10 11:56:40,2019/07/10 11:56:40,1064,90450
784,WP0CA2A87BS428410,2019/07/08,39.33,2019/07/10 11:56:40,2019/07/10 11:56:40,1085,90319
785,WBAAW33401E242369,2017/12/26,87.69,2019/07/10 11:56:40,2019/07/10 11:56:40,1083,90140
786,WAUGL68E45A751271,2019/04/01,64.46,2019/07/10 11:56:40,2019/07/10 11:56:40,1098,90430
787,1N6AD0CU2EN277487,2018/09/18,57.52,2019/07/10 11:56:40,2019/07/10 11:56:40,1037,90304
788,5GAKVCED0CJ559670,2018/06/21,54.59,2019/07/10 11:56:40,2019/07/10 11:56:40,1037,90442
789,1ZVBP8JS0C5132179,2019/04/14,62.45,2019/07/10 11:56:40,2019/07/10 11:56:40,1087,90208
792,3C3CFFFH9DT415472,2019/04/13,11.42,2019/07/10 11:56:40,2019/07/10 11:56:40,1013,90245
794,WAUBT48H35K508733,2018/09/19,91.69,2019/07/10 11:56:40,2019/07/10 11:56:40,1043,90319
795,JH4DC54832C414721,2018/07/01,64.79,2019/07/10 11:56:40,2019/07/10 11:56:40,1002,90074
796,WAUML54B83N321547,2018/09/23,66.12,2019/07/10 11:56:40,2019/07/10 11:56:40,1073,90455
797,1VWAH7A3XEC304230,2018/12/09,27.61,2019/07/10 11:56:40,2019/07/10 11:56:40,1021,90112
798,JN8AZ2KR5AT705933,2018/01/02,24.66,2019/07/10 11:56:40,2019/07/10 11:56:40,1056,90464
799,2G4WD582371307979,2018/12/14,39.17,2019/07/10 11:56:40,2019/07/10 11:56:40,1054,90127
800,1C4RDHDG6EC552948,2018/07/09,41.72,2019/07/10 11:56:40,2019/07/10 11:56:40,1077,90109
801,1GYS4JEF8CR495462,2018/04/22,26.62,2019/07/10 11:56:40,2019/07/10 11:56:40,1012,90358
802,WAURVAFD4BN946906,2019/05/28,75.94,2019/07/10 11:56:40,2019/07/10 11:56:40,1035,90268
804,JTHBC1KS3B5383375,2019/03/21,30.35,2019/07/10 11:56:40,2019/07/10 11:56:40,1019,90287
805,55SWF4JB9FU138399,2018/07/01,16.88,2019/07/10 11:56:40,2019/07/10 11:56:40,1020,90456
806,SCBBR9ZA3BC328645,2019/05/30,21.52,2019/07/10 11:56:40,2019/07/10 11:56:40,1062,90380
807,5N1AR2MM0FC806989,2018/05/17,26.43,2019/07/10 11:56:40,2019/07/10 11:56:40,1085,90224
808,3D7TP2CT5AG250069,2018/02/15,63.7,2019/07/10 11:56:40,2019/07/10 11:56:40,1056,90268
810,1FTEX1CM0BK233483,2018/12/22,50.88,2019/07/10 11:56:40,2019/07/10 11:56:40,1050,90457
811,WAUSF78K39A669325,2018/12/29,69.58,2019/07/10 11:56:40,2019/07/10 11:56:40,1054,90113
814,1FMEU2DE2AU218374,2018/03/02,22.54,2019/07/10 11:56:40,2019/07/10 11:56:40,1013,90240
815,2G4WC552271625244,2019/03/12,73.92,2019/07/10 11:56:40,2019/07/10 11:56:40,1086,90437
816,5N1AA0NCXDN241492,2019/05/05,26.24,2019/07/10 11:56:40,2019/07/10 11:56:40,1061,90443
817,1G6AE5S39E0493679,2018/11/04,70.81,2019/07/10 11:56:40,2019/07/10 11:56:40,1009,90307
818,1GD11ZCG3CF285725,2019/04/21,74.91,2019/07/10 11:56:40,2019/07/10 11:56:40,1041,90102
819,WAUWFAFL3BA599907,2019/05/13,49.31,2019/07/10 11:56:40,2019/07/10 11:56:40,1051,90150
820,SCBBB7ZH4EC698481,2018/03/22,71.11,2019/07/10 11:56:40,2019/07/10 11:56:40,1083,90346
821,WAUDV74F07N371194,2018/01/23,47.83,2019/07/10 11:56:40,2019/07/10 11:56:40,1082,90302
824,WAUFEBFM7BA643375,2018/10/19,33.66,2019/07/10 11:56:40,2019/07/10 11:56:40,1060,90312
825,JA32U1FU8CU588545,2019/02/04,86.64,2019/07/10 11:56:40,2019/07/10 11:56:40,1072,90383
826,JN8AE2KPXD9996148,2017/12/15,80.79,2019/07/10 11:56:40,2019/07/10 11:56:40,1015,90193
827,1FMJK1G58EE030419,2018/04/04,11.65,2019/07/10 11:56:40,2019/07/10 11:56:40,1092,90057
829,WBADR634X2G902462,2018/07/21,76.65,2019/07/10 11:56:40,2019/07/10 11:56:40,1076,90193
831,YV4902BZ2D1104226,2018/01/28,46.83,2019/07/10 11:56:40,2019/07/10 11:56:40,1097,90436
832,WAUGVAFR1AA259066,2018/11/22,22.66,2019/07/10 11:56:40,2019/07/10 11:56:40,1019,90392
833,WBAEV33404K845915,2018/02/07,97.89,2019/07/10 11:56:40,2019/07/10 11:56:40,1056,90324
834,1G6DM5E39C0800941,2018/06/21,84.9,2019/07/10 11:56:40,2019/07/10 11:56:40,1034,90039
835,5NPDH4AE0DH727112,2019/02/22,71.08,2019/07/10 11:56:40,2019/07/10 11:56:40,1035,90102
836,1GD21XEG4FZ419117,2017/12/01,40.45,2019/07/10 11:56:40,2019/07/10 11:56:40,1010,90383
837,5LMJJ2H58EE102632,2018/09/23,99.39,2019/07/10 11:56:40,2019/07/10 11:56:40,1014,90322
838,1C4NJPBA5CD567853,2017/11/22,54.51,2019/07/10 11:56:40,2019/07/10 11:56:40,1046,90180
839,1C3CDFDH4FD369390,2019/03/16,89.71,2019/07/10 11:56:40,2019/07/10 11:56:40,1093,90179
840,WBAPM73579A578278,2019/04/05,64.12,2019/07/10 11:56:40,2019/07/10 11:56:40,1024,90478
841,KNDMA5C11F6450228,2018/04/21,56.88,2019/07/10 11:56:40,2019/07/10 11:56:40,1078,90250
842,1G6KE54Y61U946690,2018/08/30,12.41,2019/07/10 11:56:40,2019/07/10 11:56:40,1021,90301
844,WBAFR7C55CD456893,2019/02/18,62.48,2019/07/10 11:56:40,2019/07/10 11:56:40,1059,90247
845,WBA3B9G57EN195275,2018/12/22,49.98,2019/07/10 11:56:40,2019/07/10 11:56:40,1072,90482
846,5UXFH0C57AL018553,2018/08/04,49.06,2019/07/10 11:56:40,2019/07/10 11:56:40,1093,90291
847,YV4902NCXF1806949,2018/02/21,93.59,2019/07/10 11:56:40,2019/07/10 11:56:40,1094,90113
848,1FTWW3CY8AE470824,2019/01/07,25.2,2019/07/10 11:56:40,2019/07/10 11:56:40,1060,90071
849,19UUA76667A255776,2017/11/30,95.31,2019/07/10 11:56:40,2019/07/10 11:56:40,1066,90170
850,1G6DF8EGXA0687805,2018/09/14,61.44,2019/07/10 11:56:40,2019/07/10 11:56:40,1066,90329
852,WAUWGAFB5BN000308,2018/11/13,50.55,2019/07/10 11:56:40,2019/07/10 11:56:40,1085,90397
853,SCFEBBCF3CG577694,2018/10/19,25.23,2019/07/10 11:56:40,2019/07/10 11:56:40,1046,90306
854,3D73M4CL6AG475993,2018/01/18,41.55,2019/07/10 11:56:40,2019/07/10 11:56:40,1090,90440
855,1ZVBP8AN8A5990037,2018/10/18,41.08,2019/07/10 11:56:40,2019/07/10 11:56:40,1006,90334
856,WAURD68D92A811196,2019/03/22,94.6,2019/07/10 11:56:40,2019/07/10 11:56:40,1028,90368
857,1GYS3FEJXCR323499,2018/02/12,89.23,2019/07/10 11:56:40,2019/07/10 11:56:40,1024,90069
858,3G5DA03E24S476813,2019/06/07,45.77,2019/07/10 11:56:40,2019/07/10 11:56:40,1018,90375
859,JH4CL968X5C493468,2018/02/01,44.34,2019/07/10 11:56:40,2019/07/10 11:56:40,1056,90380
860,1FTEW1CM2CK774183,2019/02/06,98.07,2019/07/10 11:56:40,2019/07/10 11:56:40,1071,90342
861,1GTPCTEXXAZ787937,2019/02/27,45.1,2019/07/10 11:56:40,2019/07/10 11:56:40,1051,90350
862,ZFF75VFA1F0638619,2017/11/07,38.88,2019/07/10 11:56:40,2019/07/10 11:56:40,1034,90237
866,JTJYWRBZ3F2926839,2019/02/23,19.9,2019/07/10 11:56:40,2019/07/10 11:56:40,1088,90419
867,SCFFDAAE9CG166335,2019/02/03,33.53,2019/07/10 11:56:40,2019/07/10 11:56:40,1078,90169
868,JHMZF1C67FS107344,2018/11/30,56.83,2019/07/10 11:56:40,2019/07/10 11:56:40,1012,90201
869,3D7TT2CT9BG311016,2019/03/05,53.32,2019/07/10 11:56:40,2019/07/10 11:56:40,1036,90397
870,4A31K3DT6CE019452,2019/06/14,79.13,2019/07/10 11:56:40,2019/07/10 11:56:40,1005,90477
871,WBAFB334X1L395824,2019/06/03,69.43,2019/07/10 11:56:40,2019/07/10 11:56:40,1004,90130
873,1G6KD54Y84U403204,2018/03/28,10.45,2019/07/10 11:56:40,2019/07/10 11:56:40,1085,90455
874,WBANN73507B304853,2019/02/10,43.84,2019/07/10 11:56:40,2019/07/10 11:56:40,1069,90311
875,1D7RW2BK2BS228188,2018/03/08,92.75,2019/07/10 11:56:40,2019/07/10 11:56:40,1077,90410
876,3D4PH9FV1AT938188,2018/07/25,85.86,2019/07/10 11:56:40,2019/07/10 11:56:40,1004,90393
877,YV4902DZ6B2621355,2018/12/06,89.82,2019/07/10 11:56:40,2019/07/10 11:56:40,1014,90079
878,WAULL44E86N252363,2019/01/22,65.68,2019/07/10 11:56:40,2019/07/10 11:56:40,1024,90271
879,1FT7W2A69EE758826,2018/06/12,49.99,2019/07/10 11:56:40,2019/07/10 11:56:40,1015,90038
880,3D73Y4EL7AG923465,2017/12/09,79.24,2019/07/10 11:56:40,2019/07/10 11:56:40,1028,90476
881,3D4PG4FB2AT734723,2019/05/31,34.48,2019/07/10 11:56:40,2019/07/10 11:56:40,1076,90043
882,WA1DGAFP7EA106772,2018/06/28,99.52,2019/07/10 11:56:40,2019/07/10 11:56:40,1031,90211
884,WAUMF78K79A959432,2017/11/17,51.66,2019/07/10 11:56:40,2019/07/10 11:56:40,1043,90077
885,WUARL48H45K979777,2018/10/19,96.47,2019/07/10 11:56:40,2019/07/10 11:56:40,1021,90024
886,JH4DC54802C939798,2017/11/17,22.97,2019/07/10 11:56:40,2019/07/10 11:56:40,1060,90035
887,5TDBM5G14AS225111,2017/11/12,93.28,2019/07/10 11:56:40,2019/07/10 11:56:40,1090,90091
888,WAUHF68P96A543286,2019/06/23,87.02,2019/07/10 11:56:40,2019/07/10 11:56:40,1088,90104
889,WBAKF5C5XDE390493,2018/12/19,16.06,2019/07/10 11:56:40,2019/07/10 11:56:40,1080,90170
890,WAUKG78E16A820567,2018/12/23,28.12,2019/07/10 11:56:40,2019/07/10 11:56:40,1005,90065
891,WBA3T1C52FP006574,2018/03/02,27.35,2019/07/10 11:56:40,2019/07/10 11:56:40,1006,90306
892,1FA6P0H79F5154960,2019/02/12,46.92,2019/07/10 11:56:40,2019/07/10 11:56:40,1028,90318
893,WA1BY94L58D090108,2019/04/15,70.28,2019/07/10 11:56:40,2019/07/10 11:56:40,1078,90203
894,1FTEW1C81AF373927,2018/04/25,86.29,2019/07/10 11:56:40,2019/07/10 11:56:40,1021,90319
895,WAUSH94F87N452163,2018/12/25,91.08,2019/07/10 11:56:40,2019/07/10 11:56:40,1016,90042
896,5LMJJ3H55BE123553,2018/08/17,33.89,2019/07/10 11:56:40,2019/07/10 11:56:40,1029,90256
897,3GYFNFE39FS875235,2018/11/30,92.35,2019/07/10 11:56:40,2019/07/10 11:56:40,1016,90423
898,5N1AT2MK8EC095878,2018/04/09,86.82,2019/07/10 11:56:40,2019/07/10 11:56:40,1042,90035
899,WAUVT58E32A721160,2018/08/04,88.66,2019/07/10 11:56:40,2019/07/10 11:56:40,1098,90023
900,JTDKDTB38F1629000,2018/01/06,86.22,2019/07/10 11:56:40,2019/07/10 11:56:40,1012,90266
901,3VW4A7AT4DM719056,2019/01/22,29.1,2019/07/10 11:56:40,2019/07/10 11:56:40,1063,90460
902,5FPYK1F41DB433709,2018/01/22,40.95,2019/07/10 11:56:40,2019/07/10 11:56:40,1068,90044
903,1GYFK66857R590569,2018/08/17,12.34,2019/07/10 11:56:40,2019/07/10 11:56:40,1021,90243
904,WAUJT64B13N330115,2019/05/16,45.24,2019/07/10 11:56:40,2019/07/10 11:56:40,1035,90293
905,WBADT43463G900845,2019/07/08,74.93,2019/07/10 11:56:40,2019/07/10 11:56:40,1003,90297
906,JTDBT4K38A1848198,2018/05/19,83.92,2019/07/10 11:56:40,2019/07/10 11:56:40,1006,90440
907,1FMHK7B80BG340485,2019/02/01,84.5,2019/07/10 11:56:40,2019/07/10 11:56:40,1080,90299
908,WVWDB7AJ5EW312430,2018/09/03,89.28,2019/07/10 11:56:40,2019/07/10 11:56:40,1080,90498
909,1G6AB5SA7E0325045,2017/12/23,59.83,2019/07/10 11:56:40,2019/07/10 11:56:40,1038,90083
910,WAUKF78P79A913702,2018/10/30,43.45,2019/07/10 11:56:40,2019/07/10 11:56:40,1029,90197
913,1FMEU7DE0AU710012,2019/01/01,40.53,2019/07/10 11:56:40,2019/07/10 11:56:40,1041,90180
917,WDDEJ7KB3DA142990,2019/04/30,66.63,2019/07/10 11:56:40,2019/07/10 11:56:40,1026,90374
919,WAUGL98E85A278430,2019/02/08,55.57,2019/07/10 11:56:40,2019/07/10 11:56:40,1053,90365
920,JN1CV6FE2BM849727,2018/02/13,75.42,2019/07/10 11:56:40,2019/07/10 11:56:40,1016,90129
921,2G4GK5EX0E9881481,2018/01/17,60.5,2019/07/10 11:56:40,2019/07/10 11:56:40,1060,90462
922,1GYS4AEF7DR195137,2019/01/01,46.48,2019/07/10 11:56:40,2019/07/10 11:56:40,1044,90301
923,1G6DK8EDXB0779399,2017/11/21,45.43,2019/07/10 11:56:40,2019/07/10 11:56:40,1057,90208
924,WBAAV53451F656742,2019/04/30,69.43,2019/07/10 11:56:40,2019/07/10 11:56:40,1009,90454
925,WAURFAFR8DA041538,2018/08/29,90.05,2019/07/10 11:56:40,2019/07/10 11:56:40,1066,90317
926,WAUKFAFL1BA776193,2019/04/07,57.38,2019/07/10 11:56:40,2019/07/10 11:56:40,1015,90221
927,1N6AA0CC7DN338735,2019/03/15,88.45,2019/07/10 11:56:40,2019/07/10 11:56:40,1051,90306
928,3VW4S7AT6EM792573,2019/04/20,34.76,2019/07/10 11:56:40,2019/07/10 11:56:40,1026,90152
929,5GAKVBKD8FJ727011,2018/05/05,78.5,2019/07/10 11:56:40,2019/07/10 11:56:40,1029,90177
930,WBA4C9C5XFG483191,2018/10/09,36.17,2019/07/10 11:56:40,2019/07/10 11:56:40,1032,90396
931,WDCYC3HF5BX463602,2019/04/19,65.68,2019/07/10 11:56:40,2019/07/10 11:56:40,1040,90211
932,SALAC2D46AA828207,2018/12/29,96.64,2019/07/10 11:56:40,2019/07/10 11:56:40,1072,90284
933,WAUBH74F56N330394,2017/12/16,69.85,2019/07/10 11:56:40,2019/07/10 11:56:40,1027,90418
934,1D7RV1CP9AS172188,2018/10/26,37.47,2019/07/10 11:56:40,2019/07/10 11:56:40,1071,90059
935,WDDJK7DAXFF105568,2018/03/02,73.79,2019/07/10 11:56:40,2019/07/10 11:56:40,1007,90310
936,2FMHK6CC6AB070049,2019/04/08,29.84,2019/07/10 11:56:40,2019/07/10 11:56:40,1005,90171
937,W06VR54R11R096575,2018/01/04,56.89,2019/07/10 11:56:40,2019/07/10 11:56:40,1038,90105
938,WAUKH94F08N919593,2017/11/27,26.97,2019/07/10 11:56:40,2019/07/10 11:56:40,1091,90111
939,1GKMCAE35AR728593,2019/05/02,38.92,2019/07/10 11:56:40,2019/07/10 11:56:40,1029,90117
940,5TDDK3DCXES622613,2019/02/25,53.77,2019/07/10 11:56:40,2019/07/10 11:56:40,1044,90316
941,5TFCY5F13BX744804,2018/05/29,91.86,2019/07/10 11:56:40,2019/07/10 11:56:40,1033,90384
942,WBSBR93491E215214,2018/08/17,92.77,2019/07/10 11:56:40,2019/07/10 11:56:40,1057,90170
943,WBAFZ9C55DC284979,2018/07/18,99.34,2019/07/10 11:56:40,2019/07/10 11:56:40,1039,90485
944,WP0AB2A98FS853671,2018/11/21,14.08,2019/07/10 11:56:40,2019/07/10 11:56:40,1093,90270
946,KMHGN4JE9FU699319,2018/09/12,46.07,2019/07/10 11:56:40,2019/07/10 11:56:40,1097,90332
948,3D7JB1EPXAG029468,2018/07/16,69.3,2019/07/10 11:56:40,2019/07/10 11:56:40,1085,90053
949,1G6DP57V380159010,2018/10/23,94.65,2019/07/10 11:56:40,2019/07/10 11:56:40,1057,90457
950,4F2CY0C74AK052168,2018/10/24,88.7,2019/07/10 11:56:40,2019/07/10 11:56:40,1083,90367
951,JHMZE2H31ES302376,2017/12/16,86.32,2019/07/10 11:56:40,2019/07/10 11:56:40,1040,90090
952,JTDKDTB34E1067482,2017/11/24,36.96,2019/07/10 11:56:40,2019/07/10 11:56:40,1016,90422
953,WAUTFAFH6DN047991,2018/01/31,20.49,2019/07/10 11:56:40,2019/07/10 11:56:40,1006,90278
954,WAUMFBFL4BN057060,2019/05/05,28.8,2019/07/10 11:56:40,2019/07/10 11:56:40,1077,90259
957,1FTEW1C89AF791863,2019/01/16,57.18,2019/07/10 11:56:40,2019/07/10 11:56:40,1100,90234
958,TRURD38J481080828,2018/01/20,75.96,2019/07/10 11:56:40,2019/07/10 11:56:40,1060,90159
959,WA1WMAFE1ED183863,2018/10/11,54.44,2019/07/10 11:56:40,2019/07/10 11:56:40,1069,90288
961,TRUWX28N611425144,2018/05/28,89.15,2019/07/10 11:56:40,2019/07/10 11:56:40,1095,90205
962,1GTN2TEH6FZ172120,2017/12/12,78.87,2019/07/10 11:56:40,2019/07/10 11:56:40,1014,90491
963,1G6DL8EG9A0524622,2019/05/16,14.66,2019/07/10 11:56:40,2019/07/10 11:56:40,1041,90289
964,1GD312CG0CF237745,2018/01/15,90.34,2019/07/10 11:56:40,2019/07/10 11:56:40,1043,90040
966,KNADH5A39B6922375,2019/04/28,97.13,2019/07/10 11:56:40,2019/07/10 11:56:40,1085,90146
967,19XFB4F35EE444101,2018/09/26,88.37,2019/07/10 11:56:40,2019/07/10 11:56:40,1064,90310
969,3GYT4MEF5DG554345,2018/05/31,36.03,2019/07/10 11:56:40,2019/07/10 11:56:40,1082,90146
971,1G6DC1ED5B0650362,2018/02/26,96.7,2019/07/10 11:56:40,2019/07/10 11:56:40,1073,90316
972,ZFBCFACH0FZ076733,2019/01/06,33.75,2019/07/10 11:56:40,2019/07/10 11:56:40,1044,90112
973,WAUET48HX5K203789,2019/04/16,77.73,2019/07/10 11:56:40,2019/07/10 11:56:40,1068,90359
974,WBANV13559C054195,2018/09/09,50.7,2019/07/10 11:56:40,2019/07/10 11:56:40,1066,90243
975,1FBNE3BL9BD553016,2018/01/13,51.19,2019/07/10 11:56:40,2019/07/10 11:56:40,1098,90350
976,WDCYC3HF4DX216641,2019/06/21,29.23,2019/07/10 11:56:40,2019/07/10 11:56:40,1025,90271
977,1C4RJEAG9DC055659,2018/01/07,74.9,2019/07/10 11:56:40,2019/07/10 11:56:40,1062,90347
978,WAUAFAFL2BN513294,2018/12/18,97.98,2019/07/10 11:56:40,2019/07/10 11:56:40,1017,90351
979,WBAWB73507P419601,2018/09/17,21.73,2019/07/10 11:56:40,2019/07/10 11:56:40,1021,90071
980,1LNHL9DKXEG574349,2018/09/21,35.53,2019/07/10 11:56:40,2019/07/10 11:56:40,1006,90480
981,JTMHY7AJXA5398494,2019/02/08,76.37,2019/07/10 11:56:40,2019/07/10 11:56:40,1082,90293
982,1FTEW1C86AF418912,2018/12/15,85.86,2019/07/10 11:56:40,2019/07/10 11:56:40,1016,90451
983,WAUDG98E25A764609,2018/01/28,99.65,2019/07/10 11:56:40,2019/07/10 11:56:40,1038,90126
984,SCBDC47LX8C291717,2018/03/30,83.5,2019/07/10 11:56:40,2019/07/10 11:56:40,1044,90383
985,1FTMF1CWXAK546586,2019/05/15,28.01,2019/07/10 11:56:40,2019/07/10 11:56:40,1098,90392
986,5TFCW5F18CX251207,2018/08/03,16.24,2019/07/10 11:56:40,2019/07/10 11:56:40,1039,90258
988,2T2BC1BA5FC464908,2019/03/13,88.12,2019/07/10 11:56:40,2019/07/10 11:56:40,1071,90263
990,JH4DC530X3C539308,2018/07/27,83.17,2019/07/10 11:56:40,2019/07/10 11:56:40,1086,90283
991,1GYS3RKJ5FR082610,2018/08/18,72.47,2019/07/10 11:56:40,2019/07/10 11:56:40,1044,90113
992,WAULD64BX4N275834,2018/05/13,31.91,2019/07/10 11:56:40,2019/07/10 11:56:40,1082,90287
993,WAUBNBFB3BN659109,2019/06/28,91.47,2019/07/10 11:56:40,2019/07/10 11:56:40,1080,90285
994,5N1AL0MM9EC779571,2017/12/18,46.28,2019/07/10 11:56:40,2019/07/10 11:56:40,1078,90174
995,JN1AZ4EH0FM500552,2018/09/16,48.05,2019/07/10 11:56:40,2019/07/10 11:56:40,1006,90299
996,1G6YV36A585078698,2018/02/03,81.98,2019/07/10 11:56:40,2019/07/10 11:56:40,1099,90455
997,WVWAP7AN3EE722379,2018/07/02,35.3,2019/07/10 11:56:40,2019/07/10 11:56:40,1085,90185
998,1GYFC36289R035092,2017/11/03,23.83,2019/07/10 11:56:40,2019/07/10 11:56:40,1090,90013
999,1N6AA0CC8AN759102,2018/12/16,96.59,2019/07/10 11:56:40,2019/07/10 11:56:40,1098,90133
